,gameId,gameCreation,gameDuration,queueId,mapId,seasonId,gameVersion,gameMode,gameType,summonerName,participantId,teamId,championId,spell1Id,spell2Id,win,item0,item1,item2,item3,item4,item5,item6,kills,deaths,assists,largestKillingSpree,largestMultiKill,longestTimeSpentLiving,unrealKills,totalDamageDealt,magicDamageDealt,physicalDamageDealt,trueDamageDealt,largestCriticalStrike,totalDamageDealtToChampions,magicDamageDealtToChampions,physicalDamageDealtToChampions,trueDamageDealtToChampions,totalHeal,totalUnitsHealed,damageSelfMitigated,damageDealtToObjectives,damageDealtToTurrets,visionScore,timeCCingOthers,totalDamageTaken,magicalDamageTaken,physicalDamageTaken,trueDamageTaken,goldEarned,goldSpent,turretKills,inhibitorKills,totalMinionsKilled,neutralMinionsKilled,neutralMinionsKilledTeamJungle,neutralMinionsKilledEnemyJungle,totalTimeCrowdControlDealt,champLevel,visionWardsBoughtInGame,sightWardsBoughtInGame,wardsPlaced,wardsKilled,firstBloodKill,firstBloodAssist,firstTowerKill,firstTowerAssist,firstInhibitorKill,firstInhibitorAssist,perk0,perk0Var1,perk0Var2,perk0Var3,perk1,perk1Var1,perk1Var2,perk1Var3,perk2,perk2Var1,perk2Var2,perk2Var3,perk3,perk3Var1,perk3Var2,perk3Var3,perk4,perk4Var1,perk4Var2,perk4Var3,perk5,perk5Var1,perk5Var2,perk5Var3,perkPrimaryStyle,perkSubStyle,statPerk0,statPerk1,statPerk2,creepsPerMinDeltas.10-20,creepsPerMinDeltas.0-10,creepsPerMinDeltas.30-end,creepsPerMinDeltas.20-30,xpPerMinDeltas.10-20,xpPerMinDeltas.0-10,xpPerMinDeltas.30-end,xpPerMinDeltas.20-30,goldPerMinDeltas.10-20,goldPerMinDeltas.0-10,goldPerMinDeltas.30-end,goldPerMinDeltas.20-30,damageTakenPerMinDeltas.10-20,damageTakenPerMinDeltas.0-10,damageTakenPerMinDeltas.30-end,damageTakenPerMinDeltas.20-30,accountId,summonerId,currentAccountId,firstBlood
0,4623870331,1599238194662,2323,420,11,13,10.18.333.8889,CLASSIC,MATCHED_GAME,Hide on bush,10,200,69,1,4,True,3040,3157,3135,3089,3027,3165,3363,12,2,13,10,2,884,0,360632,342977,8273,9381,0,39134,37922,300,910,26294,1,29172,38578,6783,55,29,37566,11779,24862,924,21668,19925,3,1,340,39,27,0,327,18,13,0,24,13,False,False,False,False,False,False,8230,18,0,0,8226,250,2315,0,8210,20,0,0,8237,637,0,0,8139,1598,0,0,8135,11087,5,0,8200,8100,5007,5008,5002,11.3,7.5,12.6,7.6000000000000005,697.9,414.0,851.8,579.0,481.5,264.1,857.4,629.2,435.8,321.4,1635.2,1540.9,eE5ozQiaIs4T0TASXyXDhDuGr9dEhVlNS38SsbdTF_OS,04E81p_9PA-iPR8e4m1ZsU0Jo8ZsjDNJXJf-KZ3q1dg8Gg,eE5ozQiaIs4T0TASXyXDhDuGr9dEhVlNS38SsbdTF_OS,False
1,4623721699,1599235189431,1928,420,11,13,10.18.333.8889,CLASSIC,MATCHED_GAME,Hide on bush,8,200,421,11,4,True,3143,3134,1400,3111,3026,1037,3364,6,2,8,5,1,201,0,253457,10894,211785,30777,0,13496,0,10089,3407,20763,1,28197,34977,3564,53,18,30813,9080,20677,1054,14455,12135,1,1,52,207,113,45,543,17,7,0,22,15,False,False,False,False,False,False,9923,34,87,0,8126,430,0,0,8136,14,30,0,8105,16,5,0,8275,21,0,0,8232,4,30,0,8100,8200,5005,5008,5002,0.7999999999999999,0.2,,2.5,576.1,334.8,,681.7,452.6,286.0,,498.7,1045.3000000000002,761.0,,1067.5,eE5ozQiaIs4T0TASXyXDhDuGr9dEhVlNS38SsbdTF_OS,04E81p_9PA-iPR8e4m1ZsU0Jo8ZsjDNJXJf-KZ3q1dg8Gg,eE5ozQiaIs4T0TASXyXDhDuGr9dEhVlNS38SsbdTF_OS,False
2,4623636204,1599233693218,1147,420,11,13,10.18.333.8889,CLASSIC,MATCHED_GAME,Hide on bush,8,200,517,12,4,False,3030,3157,0,3020,0,0,3340,3,3,2,3,1,863,0,72516,64594,5316,2605,0,8762,8457,305,0,5150,1,12175,3660,3018,16,14,16467,5234,10339,893,7648,7425,0,0,137,10,8,0,266,12,4,0,9,1,False,False,False,False,False,False,8021,2459,0,0,8009,1003,500,0,9105,14,0,0,8014,88,0,0,8345,3,0,0,8347,0,0,0,8000,8300,5008,5008,5002,,8.0,,,,493.7,,,,326.29999999999995,,,,426.6,,,eE5ozQiaIs4T0TASXyXDhDuGr9dEhVlNS38SsbdTF_OS,04E81p_9PA-iPR8e4m1ZsU0Jo8ZsjDNJXJf-KZ3q1dg8Gg,eE5ozQiaIs4T0TASXyXDhDuGr9dEhVlNS38SsbdTF_OS,True
3,4623488833,1599231506566,1444,420,11,13,10.18.333.8889,CLASSIC,MATCHED_GAME,Hide on bush,8,200,429,3,4,True,3153,3046,3006,1053,1038,0,3363,4,3,5,2,1,533,0,116801,3452,110037,3312,492,11675,847,10617,210,1734,1,10560,11911,4385,21,14,10646,2972,7299,374,10609,9975,1,0,194,17,5,8,244,14,1,0,9,6,False,False,False,False,,,9923,41,85,0,8139,459,0,0,8120,1,6,4,8135,1020,5,0,9101,3079,3868,0,9103,0,0,0,8100,8000,5005,5008,5002,10.1,7.6,,,599.7,414.7,,,582.9000000000001,256.7,,,550.0999999999999,371.3,,,eE5ozQiaIs4T0TASXyXDhDuGr9dEhVlNS38SsbdTF_OS,04E81p_9PA-iPR8e4m1ZsU0Jo8ZsjDNJXJf-KZ3q1dg8Gg,eE5ozQiaIs4T0TASXyXDhDuGr9dEhVlNS38SsbdTF_OS,True
4,4621710361,1599155450087,1759,420,11,13,10.18.333.8889,CLASSIC,MATCHED_GAME,Hide on bush,2,100,84,14,4,True,3146,3157,2055,1056,3020,3089,3363,7,1,3,7,2,1701,0,151026,125804,22382,2838,0,19594,16748,1916,930,10719,1,13681,3735,688,34,3,17428,6092,11004,331,12727,12175,0,0,259,14,4,9,54,17,7,0,15,5,False,False,False,False,,,8021,3075,0,0,8009,334,50,0,9105,17,20,0,8014,286,0,0,8139,932,0,0,8135,2286,5,0,8000,8100,5008,5008,5002,11.3,7.6,,,646.9,462.1,,,469.9,256.9,,,484.8,231.3,,,eE5ozQiaIs4T0TASXyXDhDuGr9dEhVlNS38SsbdTF_OS,04E81p_9PA-iPR8e4m1ZsU0Jo8ZsjDNJXJf-KZ3q1dg8Gg,eE5ozQiaIs4T0TASXyXDhDuGr9dEhVlNS38SsbdTF_OS,True
5,4621665985,1599152921125,1817,420,11,13,10.18.333.8889,CLASSIC,MATCHED_GAME,Hide on bush,7,200,875,11,4,False,3190,2055,1401,3111,3742,0,3364,2,5,11,0,1,733,0,147316,50941,83434,12940,0,15232,1859,8525,4847,6531,1,36385,5518,0,30,33,34449,15608,17783,1057,9716,9600,0,0,44,120,101,4,381,14,10,0,10,7,False,False,False,False,False,False,8230,20,0,0,8275,21,0,0,8234,10059,0,0,8232,2,10,0,8345,3,0,0,8410,65,0,0,8200,8300,5005,5008,5002,2.0,0.4,,2.0,461.5,351.79999999999995,,484.1,323.0,268.6,,326.5,1293.4,745.7,,1405.8,eE5ozQiaIs4T0TASXyXDhDuGr9dEhVlNS38SsbdTF_OS,04E81p_9PA-iPR8e4m1ZsU0Jo8ZsjDNJXJf-KZ3q1dg8Gg,eE5ozQiaIs4T0TASXyXDhDuGr9dEhVlNS38SsbdTF_OS,True
6,4620368148,1599119014574,1271,420,11,13,10.18.333.8889,CLASSIC,MATCHED_GAME,Hide on bush,1,100,236,12,4,False,3153,3044,3067,1055,3006,1055,3363,3,2,0,2,1,478,0,85151,2467,81843,840,0,10597,818,9712,66,484,1,6190,2437,196,19,2,8352,1822,6463,66,8368,7900,0,0,154,16,5,4,55,12,2,0,9,3,False,False,False,False,,,8005,857,578,278,9101,3552,2393,0,9104,20,10,0,8014,167,0,0,8304,10,3,0,8345,3,0,0,8000,8300,5005,5008,5002,6.9,8.0,,,490.4,432.90000000000003,,,466.90000000000003,296.9,,,446.5,327.2,,,eE5ozQiaIs4T0TASXyXDhDuGr9dEhVlNS38SsbdTF_OS,04E81p_9PA-iPR8e4m1ZsU0Jo8ZsjDNJXJf-KZ3q1dg8Gg,eE5ozQiaIs4T0TASXyXDhDuGr9dEhVlNS38SsbdTF_OS,False
7,4620363672,1599117254245,1231,420,11,13,10.18.333.8889,CLASSIC,MATCHED_GAME,Hide on bush,8,200,429,3,4,False,2031,1083,3155,3006,3181,1036,3340,3,11,2,2,1,171,0,51768,481,51143,143,0,8458,481,7833,143,754,1,8612,27,27,22,10,17450,5350,11743,356,7462,7150,0,0,131,2,2,0,150,11,7,0,10,4,False,False,False,False,False,False,9923,48,84,0,8143,261,0,0,8120,2,6,3,8135,239,3,0,9101,695,997,0,9103,0,0,0,8100,8000,5005,5008,5003,7.0,6.1,,,426.20000000000005,355.20000000000005,,,408.0,236.89999999999998,,,1093.3,462.79999999999995,,,eE5ozQiaIs4T0TASXyXDhDuGr9dEhVlNS38SsbdTF_OS,04E81p_9PA-iPR8e4m1ZsU0Jo8ZsjDNJXJf-KZ3q1dg8Gg,eE5ozQiaIs4T0TASXyXDhDuGr9dEhVlNS38SsbdTF_OS,False
8,4619345706,1599065959945,1273,420,11,13,10.18.333.8889,CLASSIC,MATCHED_GAME,Hide on bush,8,200,61,3,4,False,3040,2031,1026,1056,3916,3020,3363,1,5,5,0,1,566,0,77713,68555,9105,52,0,15480,14221,1258,0,55,1,6867,1177,0,13,20,12013,3279,8644,90,8230,7700,0,0,174,4,4,0,164,12,4,0,11,2,False,False,False,False,False,False,8230,16,0,0,8226,250,1265,0,8210,0,0,0,8237,547,0,0,8345,3,0,0,8347,0,0,0,8200,8300,5005,5008,5002,7.6,9.1,,,489.29999999999995,456.1,,,449.5,297.29999999999995,,,806.1,164.70000000000002,,,eE5ozQiaIs4T0TASXyXDhDuGr9dEhVlNS38SsbdTF_OS,04E81p_9PA-iPR8e4m1ZsU0Jo8ZsjDNJXJf-KZ3q1dg8Gg,eE5ozQiaIs4T0TASXyXDhDuGr9dEhVlNS38SsbdTF_OS,False
9,4619269677,1599062898101,2375,420,11,13,10.18.333.8889,CLASSIC,MATCHED_GAME,Hide on bush,2,100,61,12,4,True,3040,2421,3135,3089,3020,3151,3363,12,7,10,4,2,700,0,229039,212591,16323,125,0,40039,37351,2562,125,3879,1,21351,24608,4180,64,27,26861,9880,16888,93,18064,16400,1,0,237,40,17,9,310,18,6,0,19,3,False,False,False,False,False,True,8230,21,0,0,8226,250,1763,0,8210,0,0,0,8237,667,0,0,8345,3,0,0,8347,0,0,0,8200,8300,5005,5008,5002,7.6,9.1,1.2,5.5,571.3,447.6,439.2,620.5,485.29999999999995,299.7,471.8,446.5,911.5,246.8,304.4,689.8,eE5ozQiaIs4T0TASXyXDhDuGr9dEhVlNS38SsbdTF_OS,04E81p_9PA-iPR8e4m1ZsU0Jo8ZsjDNJXJf-KZ3q1dg8Gg,eE5ozQiaIs4T0TASXyXDhDuGr9dEhVlNS38SsbdTF_OS,False
10,4619182931,1599060022881,1500,420,11,13,10.18.333.8889,CLASSIC,MATCHED_GAME,Hide on bush,4,100,236,1,4,False,3046,0,0,3508,3031,3006,3363,2,4,0,0,1,351,0,167272,5056,162215,0,577,14184,918,13265,0,1110,1,8193,5897,3506,29,0,14452,3283,10822,346,11097,11050,1,0,227,24,13,8,0,14,4,0,12,7,False,False,False,False,False,False,8005,1023,605,418,9101,1047,1290,0,9103,0,0,0,8014,148,0,0,8304,11,1,5,8345,3,0,0,8000,8300,5005,5008,5003,9.4,7.7,,,613.0,395.20000000000005,,,577.0999999999999,279.8,,,663.5,329.3,,,eE5ozQiaIs4T0TASXyXDhDuGr9dEhVlNS38SsbdTF_OS,04E81p_9PA-iPR8e4m1ZsU0Jo8ZsjDNJXJf-KZ3q1dg8Gg,eE5ozQiaIs4T0TASXyXDhDuGr9dEhVlNS38SsbdTF_OS,False
11,4619138259,1599058517883,1219,420,11,13,10.18.333.8889,CLASSIC,MATCHED_GAME,Hide on bush,6,200,84,12,4,True,3146,3157,0,0,1054,3020,3340,3,1,3,3,1,780,0,69828,58561,11267,0,0,9101,7249,1852,0,3565,1,7263,3457,1601,13,2,12060,4374,7496,190,8344,8050,1,0,132,8,4,1,50,12,0,0,6,5,False,False,False,False,,,8021,2009,0,0,8009,230,50,0,9105,15,10,0,8014,192,0,0,8444,681,0,0,8451,139,0,0,8000,8400,5008,5008,5002,6.199999999999999,6.300000000000001,,,474.9,425.0,,,412.2,350.20000000000005,,,736.5,438.0,,,eE5ozQiaIs4T0TASXyXDhDuGr9dEhVlNS38SsbdTF_OS,04E81p_9PA-iPR8e4m1ZsU0Jo8ZsjDNJXJf-KZ3q1dg8Gg,eE5ozQiaIs4T0TASXyXDhDuGr9dEhVlNS38SsbdTF_OS,False
12,4616968349,1598981806289,1930,420,11,13,10.16.330.9186,CLASSIC,MATCHED_GAME,Hide on bush,6,200,98,14,4,True,3860,3193,3109,2055,3111,1031,3364,2,6,15,0,1,498,0,28541,7396,10227,10917,0,5358,1550,3005,802,3401,1,30765,13715,3699,117,24,20748,6131,13570,1046,9424,7850,3,0,52,0,0,0,92,14,10,0,63,24,False,False,False,False,False,True,8465,3208,0,0,8446,1436,0,0,8444,1021,0,0,8242,0,0,0,8136,25,30,0,8106,5,0,0,8400,8100,5005,5008,5002,1.8,1.2000000000000002,,1.5,274.70000000000005,215.0,,521.7,261.2,177.7,,304.5,566.2,392.1,,854.9,eE5ozQiaIs4T0TASXyXDhDuGr9dEhVlNS38SsbdTF_OS,04E81p_9PA-iPR8e4m1ZsU0Jo8ZsjDNJXJf-KZ3q1dg8Gg,eE5ozQiaIs4T0TASXyXDhDuGr9dEhVlNS38SsbdTF_OS,False
13,4616935177,1598979293617,1443,420,11,13,10.16.330.9186,CLASSIC,MATCHED_GAME,Hide on bush,9,200,39,12,4,False,3153,3071,0,0,3047,0,3340,6,10,0,2,2,169,0,84119,16779,64123,3217,0,12971,4955,7998,17,3921,1,17618,2019,739,16,20,22299,9111,12670,517,8657,8200,0,0,139,4,4,0,96,11,4,0,11,1,False,False,False,False,False,False,8010,464,0,0,9101,1677,2231,0,9105,18,10,0,8014,271,0,0,8352,263,1296,906,8345,3,0,0,8000,8300,5005,5008,5003,5.9,6.800000000000001,,,401.9,367.1,,,405.9,278.8,,,952.1999999999999,701.4000000000001,,,eE5ozQiaIs4T0TASXyXDhDuGr9dEhVlNS38SsbdTF_OS,04E81p_9PA-iPR8e4m1ZsU0Jo8ZsjDNJXJf-KZ3q1dg8Gg,eE5ozQiaIs4T0TASXyXDhDuGr9dEhVlNS38SsbdTF_OS,False
14,4617001585,1598977656058,1215,420,11,13,10.16.330.9186,CLASSIC,MATCHED_GAME,Hide on bush,2,100,236,1,4,True,3153,1018,3071,3006,0,1055,3340,3,0,2,3,2,0,0,93902,1746,92155,0,325,12244,696,11548,0,745,1,6454,4693,4693,21,2,7571,1998,5449,124,8657,8685,1,0,189,4,0,4,14,11,1,0,6,10,False,False,False,False,,,8005,703,499,204,9101,1555,2047,0,9104,15,50,0,8014,144,0,0,8345,3,0,0,8304,10,3,0,8000,8300,5005,5008,5002,10.5,8.4,,,497.4,335.8,,,499.20000000000005,313.29999999999995,,,509.1,248.0,,,eE5ozQiaIs4T0TASXyXDhDuGr9dEhVlNS38SsbdTF_OS,04E81p_9PA-iPR8e4m1ZsU0Jo8ZsjDNJXJf-KZ3q1dg8Gg,eE5ozQiaIs4T0TASXyXDhDuGr9dEhVlNS38SsbdTF_OS,True
15,4616755990,1598975017869,2042,420,11,13,10.16.330.9186,CLASSIC,MATCHED_GAME,Hide on bush,3,100,3,12,4,True,3152,3157,3089,3111,1082,1026,3364,3,4,21,0,1,585,0,169837,160860,3259,5717,0,16819,16421,321,76,4513,1,39644,10494,2575,50,41,26474,1860,23553,1061,13134,11750,1,1,230,16,16,0,148,18,4,0,18,10,True,False,False,False,False,False,8124,594,0,0,8143,504,0,0,8136,13,30,0,8134,79,5,0,8275,10,0,0,8210,0,0,0,8100,8200,5007,5008,5003,9.5,7.1,,4.9,605.4,420.1,,556.1,414.2,276.5,,382.2,767.7,318.4,,1210.7,eE5ozQiaIs4T0TASXyXDhDuGr9dEhVlNS38SsbdTF_OS,04E81p_9PA-iPR8e4m1ZsU0Jo8ZsjDNJXJf-KZ3q1dg8Gg,eE5ozQiaIs4T0TASXyXDhDuGr9dEhVlNS38SsbdTF_OS,True
16,4615089783,1598931146518,1883,420,11,13,10.16.330.9186,CLASSIC,MATCHED_GAME,Hide on bush,10,200,80,14,4,False,3857,1031,3071,3179,3047,1057,3364,6,5,7,2,1,522,0,33206,1188,28212,3805,0,12718,1021,11198,498,2431,1,10180,0,0,130,23,16378,5849,9398,1129,9494,9345,0,0,75,13,0,1,67,12,9,0,66,29,True,False,False,False,False,False,8439,377,0,0,8446,0,0,0,8473,454,0,0,8242,0,0,0,8136,29,30,0,8143,259,0,0,8400,8100,5008,5008,5002,2.3,2.7,,2.2,319.0,318.9,,264.4,315.6,295.6,,257.1,357.8,537.3,,652.2,eE5ozQiaIs4T0TASXyXDhDuGr9dEhVlNS38SsbdTF_OS,04E81p_9PA-iPR8e4m1ZsU0Jo8ZsjDNJXJf-KZ3q1dg8Gg,eE5ozQiaIs4T0TASXyXDhDuGr9dEhVlNS38SsbdTF_OS,True
17,4614877394,1598896455845,1607,420,11,13,10.16.330.9186,CLASSIC,MATCHED_GAME,Hide on bush,1,100,80,14,4,True,3857,3044,2055,3067,3111,3179,3364,2,2,7,2,1,487,0,25518,106,19728,5684,0,6354,106,5632,616,2190,1,7968,1952,0,73,9,12931,3408,8943,579,7031,6650,0,0,47,4,0,0,54,12,6,0,45,16,False,False,False,False,,,8005,520,258,262,9111,751,180,0,9105,25,50,0,8014,67,0,0,8136,19,30,0,8143,90,0,0,8000,8100,5008,5008,5002,1.7,2.2,,,273.5,249.7,,,283.1,178.2,,,587.5,246.5,,,eE5ozQiaIs4T0TASXyXDhDuGr9dEhVlNS38SsbdTF_OS,04E81p_9PA-iPR8e4m1ZsU0Jo8ZsjDNJXJf-KZ3q1dg8Gg,eE5ozQiaIs4T0TASXyXDhDuGr9dEhVlNS38SsbdTF_OS,False
18,4614805826,1598894168236,1801,420,11,13,10.16.330.9186,CLASSIC,MATCHED_GAME,Hide on bush,6,200,126,3,4,True,3142,3134,3036,3009,3155,1055,3340,5,2,6,3,2,705,0,136238,12357,122990,891,0,25255,2134,22761,359,2477,1,9801,5621,4358,27,9,13069,5733,6995,340,11869,10675,1,0,204,10,5,0,132,15,1,0,10,6,False,False,False,False,False,True,8230,13,0,0,8275,7,0,0,8210,0,0,0,8236,28,0,0,8120,1,8,6,8139,804,0,0,8200,8100,5008,5008,5003,7.4,7.5,,5.5,390.4,414.9,,529.9,380.1,316.29999999999995,,440.2,359.3,377.6,,570.0,eE5ozQiaIs4T0TASXyXDhDuGr9dEhVlNS38SsbdTF_OS,04E81p_9PA-iPR8e4m1ZsU0Jo8ZsjDNJXJf-KZ3q1dg8Gg,eE5ozQiaIs4T0TASXyXDhDuGr9dEhVlNS38SsbdTF_OS,True
19,4614871272,1598892053276,1782,420,11,13,10.16.330.9186,CLASSIC,MATCHED_GAME,Hide on bush,5,100,876,3,4,False,3157,2055,0,3151,3116,3009,3363,4,4,8,0,1,690,0,131810,85426,8544,37839,0,16621,12311,693,3616,6158,1,18113,384,210,32,45,24862,4915,19619,327,11791,10525,0,0,224,18,14,4,1117,15,8,0,11,9,False,False,False,False,False,False,8010,48,0,0,8009,942,500,0,9105,13,50,0,8014,189,0,0,8139,1251,0,0,8135,4412,5,0,8000,8100,5005,5008,5003,7.9,9.9,,,533.5,526.8,,,441.6,358.5,,,1005.8,307.5,,,eE5ozQiaIs4T0TASXyXDhDuGr9dEhVlNS38SsbdTF_OS,04E81p_9PA-iPR8e4m1ZsU0Jo8ZsjDNJXJf-KZ3q1dg8Gg,eE5ozQiaIs4T0TASXyXDhDuGr9dEhVlNS38SsbdTF_OS,False
20,4614727044,1598889342868,2204,420,11,13,10.16.330.9186,CLASSIC,MATCHED_GAME,Hide on bush,5,100,5,11,6,False,3143,3800,3193,3047,2055,1413,3364,7,8,15,2,2,635,0,181530,59912,112564,9054,0,14563,2266,10609,1688,17546,1,58823,19857,1569,55,27,52539,14530,34556,3451,13612,13855,0,0,32,145,92,19,586,17,14,0,20,5,False,False,False,False,False,True,8124,450,0,0,8143,420,0,0,8136,10,30,0,8134,70,5,0,8234,14489,0,0,8275,24,0,0,8100,8200,5005,5008,5002,1.5,0.2,0.4,1.3,576.8,300.0,430.4,537.2,470.20000000000005,262.5,312.4,393.7,1161.1,676.0,2209.6,1644.9,eE5ozQiaIs4T0TASXyXDhDuGr9dEhVlNS38SsbdTF_OS,04E81p_9PA-iPR8e4m1ZsU0Jo8ZsjDNJXJf-KZ3q1dg8Gg,eE5ozQiaIs4T0TASXyXDhDuGr9dEhVlNS38SsbdTF_OS,False
21,4614742299,1598887363031,974,420,11,13,10.16.330.9186,CLASSIC,MATCHED_GAME,Hide on bush,6,200,10,12,4,True,3146,2033,2010,3006,3101,0,3340,5,0,4,5,2,0,0,61299,32660,26161,2477,0,9514,6105,3408,0,4531,5,3252,5051,3015,12,7,7359,2755,4604,0,8298,5950,1,0,142,4,4,0,184,12,2,0,6,0,False,False,False,True,,,8008,1,40,0,8009,562,500,0,9104,14,50,0,8014,272,0,0,8304,12,0,0,8345,3,0,0,8000,8300,5005,5008,5003,,8.8,,,,473.9,,,,287.70000000000005,,,,318.0,,,eE5ozQiaIs4T0TASXyXDhDuGr9dEhVlNS38SsbdTF_OS,04E81p_9PA-iPR8e4m1ZsU0Jo8ZsjDNJXJf-KZ3q1dg8Gg,eE5ozQiaIs4T0TASXyXDhDuGr9dEhVlNS38SsbdTF_OS,False
22,4614618646,1598885964840,956,420,11,13,10.16.330.9186,CLASSIC,MATCHED_GAME,Hide on bush,5,100,142,7,4,True,2033,3285,3020,3108,1082,1052,3363,9,1,6,7,2,759,0,75683,57940,9362,8380,0,12845,9634,2218,992,422,2,2116,4099,4099,20,15,5309,983,3938,387,9206,6635,2,0,146,4,4,0,64,12,2,0,7,3,False,False,True,False,,,8214,866,0,0,8275,18,0,0,8210,20,0,0,8237,270,0,0,8316,2541,0,0,8347,0,0,0,8200,8300,5005,5008,5002,,9.2,,,,510.0,,,,396.0,,,,256.1,,,eE5ozQiaIs4T0TASXyXDhDuGr9dEhVlNS38SsbdTF_OS,04E81p_9PA-iPR8e4m1ZsU0Jo8ZsjDNJXJf-KZ3q1dg8Gg,eE5ozQiaIs4T0TASXyXDhDuGr9dEhVlNS38SsbdTF_OS,True
23,4614591070,1598883354027,1968,420,11,13,10.16.330.9186,CLASSIC,MATCHED_GAME,Hide on bush,5,100,236,7,4,False,3153,3140,2055,3006,3071,3508,3363,3,9,7,0,1,540,0,164466,4659,156351,3456,683,21037,1560,18376,1100,2236,3,18530,15217,4497,48,7,25207,8446,15478,1282,13267,12950,1,0,216,22,15,0,105,15,7,0,15,9,False,False,False,False,False,False,8005,2002,1158,843,9101,5314,4630,0,9105,18,30,0,8014,348,0,0,8275,11,0,0,8233,19,0,0,8000,8200,5005,5008,5002,6.5,8.3,,5.9,399.6,320.3,,566.9,483.1,283.7,,424.8,855.9,295.3,,1156.4,eE5ozQiaIs4T0TASXyXDhDuGr9dEhVlNS38SsbdTF_OS,04E81p_9PA-iPR8e4m1ZsU0Jo8ZsjDNJXJf-KZ3q1dg8Gg,eE5ozQiaIs4T0TASXyXDhDuGr9dEhVlNS38SsbdTF_OS,False
24,4612547239,1598804665383,1352,420,11,13,10.16.330.9186,CLASSIC,MATCHED_GAME,Hide on bush,10,200,38,12,4,True,3040,3108,3020,1056,1033,3027,3340,2,1,9,2,1,635,0,118991,95940,23051,0,0,13250,11700,1549,0,8779,1,8246,7805,7257,16,13,15386,6834,7904,648,11057,9125,2,0,219,8,8,0,122,15,3,0,10,3,False,False,False,False,,,8021,3493,0,0,9111,852,220,0,9105,14,20,0,8014,297,0,0,8139,584,0,0,8135,2757,4,0,8000,8100,5007,5008,5003,10.2,9.3,,,673.9,473.70000000000005,,,570.2,303.79999999999995,,,907.6,341.4,,,eE5ozQiaIs4T0TASXyXDhDuGr9dEhVlNS38SsbdTF_OS,04E81p_9PA-iPR8e4m1ZsU0Jo8ZsjDNJXJf-KZ3q1dg8Gg,eE5ozQiaIs4T0TASXyXDhDuGr9dEhVlNS38SsbdTF_OS,False
25,4612562557,1598802716448,969,420,11,13,10.16.330.9186,CLASSIC,MATCHED_GAME,Hide on bush,5,100,517,12,4,False,3030,2031,2055,2010,3047,1056,3340,0,1,0,0,0,863,0,47242,41481,5760,0,0,3001,2537,463,0,1941,1,4070,0,0,17,7,7638,993,6189,455,5318,4700,0,0,155,0,0,0,222,11,2,0,6,2,False,False,False,False,,,8021,1106,0,0,8009,0,0,0,9105,0,0,0,8014,0,0,0,8345,3,0,0,8347,0,0,0,8000,8300,5007,5008,5002,,9.3,,,,483.8,,,,279.1,,,,269.4,,,eE5ozQiaIs4T0TASXyXDhDuGr9dEhVlNS38SsbdTF_OS,04E81p_9PA-iPR8e4m1ZsU0Jo8ZsjDNJXJf-KZ3q1dg8Gg,eE5ozQiaIs4T0TASXyXDhDuGr9dEhVlNS38SsbdTF_OS,False
26,4612446994,1598800174052,1341,420,11,13,10.16.330.9186,CLASSIC,MATCHED_GAME,Hide on bush,1,100,3,12,4,True,3152,3157,2055,3111,1058,1082,3364,1,3,10,0,1,397,0,101618,99330,2288,0,0,5570,5510,59,0,335,1,10978,2389,2389,28,19,11013,2573,8025,414,9378,8825,1,0,182,8,4,4,64,14,6,0,15,6,False,False,False,False,,,8124,263,0,0,8143,169,0,0,8136,4,8,0,8134,49,5,0,8275,7,0,0,8210,0,0,0,8100,8200,5007,5008,5003,9.0,7.7,,,593.0,430.4,,,482.4,281.3,,,682.5,363.7,,,eE5ozQiaIs4T0TASXyXDhDuGr9dEhVlNS38SsbdTF_OS,04E81p_9PA-iPR8e4m1ZsU0Jo8ZsjDNJXJf-KZ3q1dg8Gg,eE5ozQiaIs4T0TASXyXDhDuGr9dEhVlNS38SsbdTF_OS,True
27,4612204947,1598793472659,1261,420,11,13,10.16.330.9186,CLASSIC,MATCHED_GAME,Hide on bush,5,100,84,12,4,True,3146,2421,3020,1056,3191,3165,3340,13,0,1,13,3,0,0,121524,96528,17453,7542,0,24221,21522,2554,144,8751,1,11183,3767,2318,16,3,16405,4321,11376,706,11673,9975,0,0,199,12,4,4,88,15,1,0,7,1,False,False,False,False,,,8021,4678,0,0,8009,670,50,0,9105,14,30,0,8014,614,0,0,8444,835,0,0,8451,163,0,0,8000,8400,5008,5008,5003,9.7,9.8,,,775.7,490.7,,,713.7,296.4,,,980.1,386.9,,,eE5ozQiaIs4T0TASXyXDhDuGr9dEhVlNS38SsbdTF_OS,04E81p_9PA-iPR8e4m1ZsU0Jo8ZsjDNJXJf-KZ3q1dg8Gg,eE5ozQiaIs4T0TASXyXDhDuGr9dEhVlNS38SsbdTF_OS,False
28,4612080241,1598789689169,1850,420,11,13,10.16.330.9186,CLASSIC,MATCHED_GAME,Hide on bush,10,200,236,1,4,True,3153,3812,3071,3031,3006,0,3363,9,0,5,9,4,1845,0,224218,7179,210707,6331,808,25406,1275,23512,618,3626,1,15229,23928,5074,54,5,11500,2584,8465,450,17311,15425,2,0,280,39,29,0,44,18,5,0,16,17,False,False,False,True,False,True,8005,1808,1212,596,9101,3801,6017,0,9104,16,0,0,8014,739,0,0,8275,8,0,0,8210,12,0,0,8000,8200,5005,5008,5002,10.8,9.4,,7.0,627.7,477.70000000000005,,701.2,533.3,344.9,,637.9,475.9,184.4,,488.7,eE5ozQiaIs4T0TASXyXDhDuGr9dEhVlNS38SsbdTF_OS,04E81p_9PA-iPR8e4m1ZsU0Jo8ZsjDNJXJf-KZ3q1dg8Gg,eE5ozQiaIs4T0TASXyXDhDuGr9dEhVlNS38SsbdTF_OS,True
29,4612032987,1598787944774,1106,420,11,13,10.16.330.9186,CLASSIC,MATCHED_GAME,Hide on bush,3,100,142,12,4,True,2423,3285,3165,3041,1058,3020,3340,11,0,4,11,3,0,0,105548,92262,9171,4115,0,13709,11251,1656,800,1039,3,2364,6527,6527,9,15,5244,503,4391,350,12629,10525,3,0,166,11,8,3,89,13,1,0,7,0,True,False,True,False,False,False,8360,5,0,0,8313,0,0,0,8316,4018,0,0,8347,0,0,0,8275,23,0,0,8210,0,0,0,8300,8200,5005,5008,5003,,8.7,,,,497.9,,,,602.3,,,,249.9,,,eE5ozQiaIs4T0TASXyXDhDuGr9dEhVlNS38SsbdTF_OS,04E81p_9PA-iPR8e4m1ZsU0Jo8ZsjDNJXJf-KZ3q1dg8Gg,eE5ozQiaIs4T0TASXyXDhDuGr9dEhVlNS38SsbdTF_OS,True
30,4611944407,1598785538780,1116,420,11,13,10.16.330.9186,CLASSIC,MATCHED_GAME,Hide on bush,10,200,429,7,4,True,3153,2031,3006,1054,1042,0,3363,3,1,3,2,1,571,0,88197,1046,82495,4655,0,5650,654,4995,0,2302,2,3523,12379,3660,21,4,8600,1199,7101,300,8289,5475,1,0,147,8,0,5,158,11,1,0,9,3,False,False,True,False,False,False,9923,33,84,0,8143,194,0,0,8136,3,6,0,8135,1319,4,0,9104,14,20,0,8014,111,0,0,8100,8000,5005,5008,5002,,5.5,,,,285.7,,,,299.6,,,,357.2,,,eE5ozQiaIs4T0TASXyXDhDuGr9dEhVlNS38SsbdTF_OS,04E81p_9PA-iPR8e4m1ZsU0Jo8ZsjDNJXJf-KZ3q1dg8Gg,eE5ozQiaIs4T0TASXyXDhDuGr9dEhVlNS38SsbdTF_OS,True
31,4611828666,1598783582877,1446,420,11,13,10.16.330.9186,CLASSIC,MATCHED_GAME,Hide on bush,2,100,517,12,4,False,3030,3157,2055,1056,1082,3111,3340,3,3,1,3,1,842,0,70329,63898,6396,34,0,6542,6042,465,34,4206,1,11624,1257,946,14,14,18848,7209,10409,1229,8389,8025,0,0,154,18,14,4,315,13,3,0,8,3,False,False,False,False,False,False,8021,1996,0,0,8009,860,400,0,9105,19,20,0,8014,98,0,0,8345,3,0,0,8347,0,0,0,8000,8300,5008,5008,5003,6.1,7.4,,,456.3,445.70000000000005,,,442.2,244.1,,,1124.9,333.8,,,eE5ozQiaIs4T0TASXyXDhDuGr9dEhVlNS38SsbdTF_OS,04E81p_9PA-iPR8e4m1ZsU0Jo8ZsjDNJXJf-KZ3q1dg8Gg,eE5ozQiaIs4T0TASXyXDhDuGr9dEhVlNS38SsbdTF_OS,True
32,4610832909,1598758302158,1442,420,11,13,10.16.330.9186,CLASSIC,MATCHED_GAME,Hide on bush,2,100,223,3,4,True,3860,3190,2055,3009,3801,3114,3364,0,2,15,0,0,762,0,21999,13019,5234,3746,0,5989,5442,547,0,2105,1,16763,3378,2803,44,19,14800,6969,7788,42,6567,5425,1,1,40,0,0,0,125,12,3,0,17,8,False,False,False,False,True,False,8465,1837,0,0,8446,778,0,0,8444,941,0,0,8453,461,634,0,8237,387,0,0,8275,5,0,0,8400,8200,5005,5002,5002,2.0,1.6,,,341.2,267.7,,,254.9,179.39999999999998,,,748.1,375.79999999999995,,,eE5ozQiaIs4T0TASXyXDhDuGr9dEhVlNS38SsbdTF_OS,04E81p_9PA-iPR8e4m1ZsU0Jo8ZsjDNJXJf-KZ3q1dg8Gg,eE5ozQiaIs4T0TASXyXDhDuGr9dEhVlNS38SsbdTF_OS,False
33,4610501630,1598724238688,2207,420,11,13,10.16.330.9186,CLASSIC,MATCHED_GAME,Hide on bush,8,200,236,3,4,False,3153,2420,1038,3812,3006,3071,3363,10,10,11,3,1,468,0,189511,8784,163510,17215,0,37982,2706,32284,2991,3104,1,25373,6213,2733,35,11,29467,5882,18344,5240,15221,14800,0,0,226,12,9,0,133,18,10,0,20,11,False,False,False,False,False,False,8005,4671,2177,2493,9101,5062,6402,0,9104,16,10,0,8014,1275,0,0,8275,13,0,0,8210,0,0,0,8000,8200,5005,5008,5002,6.0,5.7,5.0,7.699999999999999,444.7,358.8,664.2,747.3,333.5,297.7,441.2,563.2,750.1,588.7,1063.2,721.0999999999999,eE5ozQiaIs4T0TASXyXDhDuGr9dEhVlNS38SsbdTF_OS,04E81p_9PA-iPR8e4m1ZsU0Jo8ZsjDNJXJf-KZ3q1dg8Gg,eE5ozQiaIs4T0TASXyXDhDuGr9dEhVlNS38SsbdTF_OS,True
34,4610426793,1598722046595,1757,420,11,13,10.16.330.9186,CLASSIC,MATCHED_GAME,Hide on bush,2,100,876,11,4,False,3157,2055,3009,3151,1028,1402,3364,2,3,7,0,1,812,0,193014,125548,24972,42494,0,13856,10715,336,2804,8510,1,11042,14316,0,27,31,23340,8921,13607,811,10902,10610,0,0,28,172,133,11,379,15,10,0,7,1,False,False,False,False,False,False,8230,13,0,0,8275,19,0,0,8234,19190,0,0,8232,5,10,0,9105,13,10,0,9111,368,180,0,8200,8000,5005,5008,5002,1.7,0.1,,,602.4,383.29999999999995,,,408.6,318.0,,,829.2,730.9,,,eE5ozQiaIs4T0TASXyXDhDuGr9dEhVlNS38SsbdTF_OS,04E81p_9PA-iPR8e4m1ZsU0Jo8ZsjDNJXJf-KZ3q1dg8Gg,eE5ozQiaIs4T0TASXyXDhDuGr9dEhVlNS38SsbdTF_OS,True
35,4610369351,1598718951672,1742,420,11,13,10.16.330.9186,CLASSIC,MATCHED_GAME,Hide on bush,10,200,84,14,4,False,3146,3157,0,3165,3020,1026,3363,7,6,6,3,1,446,0,138884,116516,21527,840,0,18023,15080,2102,840,9735,1,19635,6620,2807,29,3,26509,7949,17609,950,13816,12250,2,0,229,11,8,1,47,16,4,0,13,4,False,False,False,False,False,False,8021,3346,0,0,8009,479,50,0,9105,14,0,0,8014,381,0,0,8135,2621,5,0,8139,880,0,0,8000,8100,5008,5008,5002,9.6,7.6,,,676.2,431.4,,,565.7,303.5,,,936.8000000000001,485.0,,,eE5ozQiaIs4T0TASXyXDhDuGr9dEhVlNS38SsbdTF_OS,04E81p_9PA-iPR8e4m1ZsU0Jo8ZsjDNJXJf-KZ3q1dg8Gg,eE5ozQiaIs4T0TASXyXDhDuGr9dEhVlNS38SsbdTF_OS,True
36,4610333531,1598716838985,947,420,11,13,10.16.330.9186,CLASSIC,MATCHED_GAME,Hide on bush,9,200,134,12,4,False,2033,3020,1028,3802,1082,1052,3340,1,2,0,0,1,856,0,48275,37493,6551,4230,0,8040,7340,700,0,0,0,3112,0,0,9,21,7774,2485,4901,388,5136,4435,0,0,134,0,0,0,119,10,3,0,7,3,False,False,False,False,,,8230,11,0,0,8226,250,606,0,8210,0,0,0,8237,345,0,0,8345,3,0,0,8347,0,0,0,8200,8300,5005,5008,5002,,8.2,,,,440.6,,,,262.0,,,,313.6,,,eE5ozQiaIs4T0TASXyXDhDuGr9dEhVlNS38SsbdTF_OS,04E81p_9PA-iPR8e4m1ZsU0Jo8ZsjDNJXJf-KZ3q1dg8Gg,eE5ozQiaIs4T0TASXyXDhDuGr9dEhVlNS38SsbdTF_OS,False
37,4610277319,1598715085097,1125,420,11,13,10.16.330.9186,CLASSIC,MATCHED_GAME,Hide on bush,10,200,236,1,4,False,3153,2033,1028,3006,3155,2055,3340,1,4,0,0,1,376,0,79464,3486,75977,0,0,5857,1107,4749,0,182,1,4300,5526,2940,21,1,9550,4790,4693,66,7258,7100,1,0,149,8,4,0,8,11,5,0,10,4,False,False,False,False,,,8005,455,312,143,8009,128,100,0,9104,0,0,0,8014,98,0,0,8275,5,0,0,8210,0,0,0,8000,8200,5005,5008,5003,,7.9,,,,432.9,,,,267.1,,,,324.70000000000005,,,eE5ozQiaIs4T0TASXyXDhDuGr9dEhVlNS38SsbdTF_OS,04E81p_9PA-iPR8e4m1ZsU0Jo8ZsjDNJXJf-KZ3q1dg8Gg,eE5ozQiaIs4T0TASXyXDhDuGr9dEhVlNS38SsbdTF_OS,False
38,4610210901,1598713071638,1279,420,11,13,10.16.330.9186,CLASSIC,MATCHED_GAME,Hide on bush,4,100,517,12,4,False,3152,3157,3113,3158,1056,3057,3340,3,3,1,3,1,882,0,110884,95773,8927,6183,0,5451,4824,626,0,4072,1,10786,13947,4359,18,7,13107,1698,10597,812,10266,9150,2,0,211,4,4,0,277,13,4,0,10,1,False,False,False,False,False,False,8021,2592,0,0,8009,595,400,0,9105,13,10,0,8014,78,0,0,8345,3,0,0,8347,0,0,0,8000,8300,5008,5008,5002,11.5,9.0,,,584.8,503.70000000000005,,,579.1,363.20000000000005,,,609.4,355.5,,,eE5ozQiaIs4T0TASXyXDhDuGr9dEhVlNS38SsbdTF_OS,04E81p_9PA-iPR8e4m1ZsU0Jo8ZsjDNJXJf-KZ3q1dg8Gg,eE5ozQiaIs4T0TASXyXDhDuGr9dEhVlNS38SsbdTF_OS,True
39,4610064262,1598711293157,1115,420,11,13,10.16.330.9186,CLASSIC,MATCHED_GAME,Hide on bush,1,100,142,12,4,False,2033,1082,2423,3020,3285,1028,3340,2,3,1,0,1,586,0,78120,67337,9075,1707,0,7705,6637,333,734,640,1,3859,1577,1577,10,22,10542,7268,3200,74,7647,5550,0,0,171,4,4,0,94,12,0,0,6,1,False,False,False,False,False,False,8360,6,0,0,8313,0,0,0,8316,3779,0,0,8347,0,0,0,8275,12,0,0,8210,0,0,0,8300,8200,5005,5008,5003,,8.3,,,,478.6,,,,309.2,,,,469.0,,,eE5ozQiaIs4T0TASXyXDhDuGr9dEhVlNS38SsbdTF_OS,04E81p_9PA-iPR8e4m1ZsU0Jo8ZsjDNJXJf-KZ3q1dg8Gg,eE5ozQiaIs4T0TASXyXDhDuGr9dEhVlNS38SsbdTF_OS,True
40,4609611918,1598705701013,1463,420,11,13,10.16.330.9186,CLASSIC,MATCHED_GAME,Hide on bush,10,200,238,14,4,False,3142,2031,0,3047,1054,3071,3340,2,3,3,2,1,703,0,88655,5149,83123,382,0,9289,200,8706,382,1329,1,10657,879,120,17,5,16614,7150,8930,533,8862,7950,0,0,187,13,9,0,95,13,4,0,11,3,False,False,False,False,False,False,8010,144,0,0,8009,174,50,0,9105,16,0,0,8014,74,0,0,8120,2,8,5,8135,1296,3,0,8000,8100,5008,5008,5002,6.8,9.3,,,412.70000000000005,507.79999999999995,,,406.2,311.2,,,916.8,244.6,,,eE5ozQiaIs4T0TASXyXDhDuGr9dEhVlNS38SsbdTF_OS,04E81p_9PA-iPR8e4m1ZsU0Jo8ZsjDNJXJf-KZ3q1dg8Gg,eE5ozQiaIs4T0TASXyXDhDuGr9dEhVlNS38SsbdTF_OS,False
41,4609483531,1598703430816,1476,420,11,13,10.16.330.9186,CLASSIC,MATCHED_GAME,Hide on bush,2,100,245,12,4,False,3152,3157,3100,1052,3111,1082,3364,5,3,2,4,1,795,0,137785,119155,16379,2251,0,11459,9715,1744,0,4989,1,13439,5844,2199,35,10,20042,7860,9315,2866,11568,11485,0,0,233,8,5,0,392,15,5,0,17,8,False,False,False,False,False,False,8112,599,0,0,8143,403,0,0,8136,11,30,0,8135,2696,4,0,8316,6053,0,0,8347,0,0,0,8100,8300,5008,5008,5003,10.2,8.0,,,588.5,465.7,,,496.5,247.2,,,878.7,411.5,,,eE5ozQiaIs4T0TASXyXDhDuGr9dEhVlNS38SsbdTF_OS,04E81p_9PA-iPR8e4m1ZsU0Jo8ZsjDNJXJf-KZ3q1dg8Gg,eE5ozQiaIs4T0TASXyXDhDuGr9dEhVlNS38SsbdTF_OS,False
42,4609425571,1598701425072,1239,420,11,13,10.16.330.9186,CLASSIC,MATCHED_GAME,Hide on bush,7,200,39,14,4,True,3153,2033,3133,3105,3047,3071,3340,10,3,3,4,2,529,0,115943,19556,93505,2882,0,15432,4083,10330,1018,4065,1,12070,9282,4294,20,15,14914,1960,12335,618,11177,10400,1,0,181,6,4,1,73,14,4,0,9,2,True,False,False,False,,,8005,1156,849,306,9111,529,260,0,9105,12,0,0,8014,417,0,0,8345,3,0,0,8352,266,981,947,8000,8300,5005,5008,5002,8.7,9.4,,,648.4000000000001,533.6,,,627.0,403.2,,,756.9000000000001,498.79999999999995,,,eE5ozQiaIs4T0TASXyXDhDuGr9dEhVlNS38SsbdTF_OS,04E81p_9PA-iPR8e4m1ZsU0Jo8ZsjDNJXJf-KZ3q1dg8Gg,eE5ozQiaIs4T0TASXyXDhDuGr9dEhVlNS38SsbdTF_OS,True
43,4609308969,1598699383297,1651,420,11,13,10.16.330.9186,CLASSIC,MATCHED_GAME,Hide on bush,9,200,53,14,4,False,3857,3800,3193,2055,3009,1029,3364,4,5,12,0,1,723,0,21206,8433,5584,7188,0,7139,5103,1693,342,147,1,16143,545,417,52,28,17001,4222,12172,607,8389,7825,0,0,33,0,0,0,123,13,13,0,29,6,False,False,False,False,False,False,8439,138,0,0,8446,230,0,0,8473,447,0,0,8242,0,0,0,8306,1,0,0,8316,454,0,0,8400,8300,5005,5008,5002,0.6,1.5,,,334.20000000000005,285.1,,,355.6,165.0,,,494.7,213.4,,,eE5ozQiaIs4T0TASXyXDhDuGr9dEhVlNS38SsbdTF_OS,04E81p_9PA-iPR8e4m1ZsU0Jo8ZsjDNJXJf-KZ3q1dg8Gg,eE5ozQiaIs4T0TASXyXDhDuGr9dEhVlNS38SsbdTF_OS,False
44,4609371549,1598697341052,1566,420,11,13,10.16.330.9186,CLASSIC,MATCHED_GAME,Hide on bush,2,100,62,12,4,False,2033,2421,2055,3111,3812,3078,3363,3,4,2,2,1,536,0,130195,24770,105418,7,0,13996,2621,11367,7,3356,1,21369,7757,4474,14,9,21544,6850,13084,1609,11162,10333,1,0,217,12,4,0,29,15,4,0,11,1,False,False,True,False,False,False,8010,722,0,0,9111,268,100,0,9105,16,50,0,8014,335,0,0,8345,3,0,0,8352,310,1568,1162,8000,8300,5005,5008,5003,9.0,7.7,,,573.2,498.5,,,515.5,316.6,,,981.5,517.0999999999999,,,eE5ozQiaIs4T0TASXyXDhDuGr9dEhVlNS38SsbdTF_OS,04E81p_9PA-iPR8e4m1ZsU0Jo8ZsjDNJXJf-KZ3q1dg8Gg,eE5ozQiaIs4T0TASXyXDhDuGr9dEhVlNS38SsbdTF_OS,True
45,4609188614,1598695973332,826,420,11,13,10.16.330.9186,CLASSIC,MATCHED_GAME,Hide on bush,7,200,81,7,4,True,2031,2055,3057,3004,1055,3006,3340,2,0,2,2,1,0,0,46629,7715,38913,0,0,4724,1764,2960,0,411,2,843,9519,9519,7,0,2231,144,2077,10,6751,5050,4,1,116,0,0,0,0,9,2,0,3,1,False,False,False,False,False,False,8008,0,50,0,8009,733,400,0,9103,0,0,0,8014,85,0,0,8304,9,4,5,8345,3,0,0,8000,8300,5005,5008,5002,,9.0,,,,348.2,,,,344.5,,,,138.6,,,eE5ozQiaIs4T0TASXyXDhDuGr9dEhVlNS38SsbdTF_OS,04E81p_9PA-iPR8e4m1ZsU0Jo8ZsjDNJXJf-KZ3q1dg8Gg,eE5ozQiaIs4T0TASXyXDhDuGr9dEhVlNS38SsbdTF_OS,True
46,4608902061,1598684328210,2061,420,11,13,10.16.330.9186,CLASSIC,MATCHED_GAME,Hide on bush,1,100,39,12,4,True,3153,3101,3053,3071,3111,3026,3363,9,3,6,4,3,1037,0,250726,38024,201936,10765,0,18765,5843,12711,211,8619,1,27585,15493,8686,63,20,27580,8130,18897,553,17900,16825,6,3,298,32,16,1,153,18,9,0,19,8,False,False,False,False,False,False,8005,1184,931,253,9111,1500,300,0,9105,12,0,0,8014,447,0,0,8345,3,0,0,8352,246,1106,920,8000,8300,5005,5008,5003,12.2,6.4,,8.2,676.4000000000001,375.5,,608.7,515.6,417.70000000000005,,504.7,432.8,512.1,,639.2,eE5ozQiaIs4T0TASXyXDhDuGr9dEhVlNS38SsbdTF_OS,04E81p_9PA-iPR8e4m1ZsU0Jo8ZsjDNJXJf-KZ3q1dg8Gg,eE5ozQiaIs4T0TASXyXDhDuGr9dEhVlNS38SsbdTF_OS,True
47,4605138427,1598533428680,2264,420,11,13,10.16.330.9186,CLASSIC,MATCHED_GAME,Hide on bush,3,100,84,12,4,False,3146,3157,0,3089,3151,3111,3364,9,4,10,5,1,1049,0,192484,165002,24202,3280,0,30742,26330,4019,392,9184,1,25677,3806,1014,49,5,30727,9232,20173,1321,16062,15925,1,0,260,29,21,4,98,18,9,0,20,10,False,False,False,False,,,8021,3363,0,0,8009,720,50,0,9105,14,20,0,8014,563,0,0,8444,1383,0,0,8451,226,0,0,8000,8400,5008,5008,5003,8.1,8.4,6.0,5.8,534.4000000000001,491.3,619.0,467.2,586.3,320.5,456.6,368.2,940.1,338.0,868.6,848.8,eE5ozQiaIs4T0TASXyXDhDuGr9dEhVlNS38SsbdTF_OS,04E81p_9PA-iPR8e4m1ZsU0Jo8ZsjDNJXJf-KZ3q1dg8Gg,eE5ozQiaIs4T0TASXyXDhDuGr9dEhVlNS38SsbdTF_OS,False
48,4604051921,1598499428385,1600,420,11,13,10.16.330.9186,CLASSIC,MATCHED_GAME,Hide on bush,9,200,236,1,4,True,3153,2033,3105,3006,3133,3071,3363,5,4,9,2,1,666,0,159811,6225,148813,4772,0,19276,2171,16976,128,1087,1,12290,10651,4993,27,3,19608,6383,10999,2224,12651,10400,3,1,207,32,24,5,64,15,4,0,11,4,False,False,False,False,True,False,8005,1466,935,530,9101,2161,2282,0,9104,15,20,0,8014,451,0,0,8275,9,0,0,8210,12,0,0,8000,8200,5005,5008,5003,7.3,9.9,,,488.20000000000005,496.1,,,513.8,313.4,,,836.5999999999999,278.9,,,eE5ozQiaIs4T0TASXyXDhDuGr9dEhVlNS38SsbdTF_OS,04E81p_9PA-iPR8e4m1ZsU0Jo8ZsjDNJXJf-KZ3q1dg8Gg,eE5ozQiaIs4T0TASXyXDhDuGr9dEhVlNS38SsbdTF_OS,False
49,4603587855,1598462284433,997,420,11,13,10.16.330.9186,CLASSIC,MATCHED_GAME,Hide on bush,4,100,142,14,4,True,0,0,3020,0,0,0,3363,8,2,7,5,2,639,0,61430,47470,10423,3535,0,12030,8136,1846,2047,1753,2,3057,822,822,19,14,8230,2667,5121,441,8411,6750,0,0,123,4,4,0,85,12,3,0,8,2,False,False,False,False,,,8214,776,0,0,8275,18,0,0,8210,0,0,0,8237,307,0,0,8139,468,0,0,8135,1087,5,0,8200,8100,5005,5008,5003,,7.6,,,,505.70000000000005,,,,434.3,,,,339.29999999999995,,,eE5ozQiaIs4T0TASXyXDhDuGr9dEhVlNS38SsbdTF_OS,04E81p_9PA-iPR8e4m1ZsU0Jo8ZsjDNJXJf-KZ3q1dg8Gg,eE5ozQiaIs4T0TASXyXDhDuGr9dEhVlNS38SsbdTF_OS,True
50,4603654677,1598460541733,1332,420,11,13,10.16.330.9186,CLASSIC,MATCHED_GAME,Hide on bush,7,200,84,14,4,False,3146,3157,2055,2031,1056,3020,3340,4,5,1,3,1,622,0,103942,69512,17366,17063,0,15017,12802,1557,658,6478,1,15117,2956,2956,7,4,21130,4544,15076,1510,8701,8275,0,0,173,0,0,0,49,14,3,0,7,0,False,False,False,False,,,8021,3338,0,0,8009,174,50,0,9105,16,40,0,8014,211,0,0,8139,1029,0,0,8135,1177,2,0,8000,8100,5008,5008,5003,8.1,9.2,,,568.4,571.9000000000001,,,438.29999999999995,349.9,,,1304.8,420.9,,,eE5ozQiaIs4T0TASXyXDhDuGr9dEhVlNS38SsbdTF_OS,04E81p_9PA-iPR8e4m1ZsU0Jo8ZsjDNJXJf-KZ3q1dg8Gg,eE5ozQiaIs4T0TASXyXDhDuGr9dEhVlNS38SsbdTF_OS,False
51,4603538801,1598457623216,2083,420,11,13,10.16.330.9186,CLASSIC,MATCHED_GAME,Hide on bush,9,200,84,12,4,False,3146,3157,0,3165,1052,3020,3340,5,2,5,4,1,1499,0,204415,152764,21691,29959,0,16767,14648,2011,108,8685,1,18028,1329,0,33,3,26780,11211,14787,781,13356,12310,0,0,252,17,14,3,98,17,11,0,22,6,False,False,False,False,False,False,8021,3132,0,0,8009,372,50,0,9105,20,20,0,8014,311,0,0,8451,231,0,0,8444,1449,0,0,8000,8400,5008,5008,5003,9.0,8.0,,6.2,545.1,447.8,,478.1,399.2,266.0,,418.0,519.8,635.1,,681.8,eE5ozQiaIs4T0TASXyXDhDuGr9dEhVlNS38SsbdTF_OS,04E81p_9PA-iPR8e4m1ZsU0Jo8ZsjDNJXJf-KZ3q1dg8Gg,eE5ozQiaIs4T0TASXyXDhDuGr9dEhVlNS38SsbdTF_OS,False
52,4603206908,1598447812088,1612,420,11,13,10.16.330.9186,CLASSIC,MATCHED_GAME,Hide on bush,10,200,126,12,4,True,3142,3036,3134,3047,3814,1055,3363,8,6,9,3,2,491,0,142021,13959,126450,1611,0,24145,3721,19414,1009,922,1,10569,12018,7690,24,10,16296,3128,12637,531,13140,11950,3,0,183,5,1,4,164,15,4,0,13,3,False,False,False,False,False,True,8230,18,0,0,8226,250,797,0,8210,0,0,0,8236,14,0,0,8304,11,1,5,8345,3,0,0,8200,8300,5008,5008,5002,9.0,6.199999999999999,,,607.0,370.5,,,651.2,236.8,,,821.8,309.0,,,eE5ozQiaIs4T0TASXyXDhDuGr9dEhVlNS38SsbdTF_OS,04E81p_9PA-iPR8e4m1ZsU0Jo8ZsjDNJXJf-KZ3q1dg8Gg,eE5ozQiaIs4T0TASXyXDhDuGr9dEhVlNS38SsbdTF_OS,True
53,4603106147,1598445057811,1755,420,11,13,10.16.330.9186,CLASSIC,MATCHED_GAME,Hide on bush,8,200,142,14,4,True,1058,3135,3285,3020,1082,1058,3363,4,3,9,2,1,675,0,137242,111999,15022,10220,0,20107,14848,1737,3521,2474,3,4605,4683,2418,32,27,11688,6486,4160,1041,11353,10750,1,0,212,8,8,0,115,16,7,0,16,4,False,False,False,False,False,True,8214,1272,12,0,8275,22,0,0,8210,0,0,0,8237,527,0,0,8139,669,0,0,8135,1525,5,0,8200,8100,5005,5008,5003,7.7,8.4,,,456.9,513.8,,,344.8,315.0,,,486.3,291.4,,,eE5ozQiaIs4T0TASXyXDhDuGr9dEhVlNS38SsbdTF_OS,04E81p_9PA-iPR8e4m1ZsU0Jo8ZsjDNJXJf-KZ3q1dg8Gg,eE5ozQiaIs4T0TASXyXDhDuGr9dEhVlNS38SsbdTF_OS,False
54,4602768952,1598443188618,923,420,11,13,10.16.330.9186,CLASSIC,MATCHED_GAME,Hide on bush,4,100,875,6,4,False,2031,0,3751,1054,3111,1031,3340,0,5,0,0,0,214,0,37230,4060,29677,3493,0,4241,69,3276,895,535,1,9497,0,0,11,7,11767,5551,6102,113,4327,3600,0,0,96,0,0,0,86,9,3,0,6,3,False,False,False,False,,,8021,549,0,0,9111,0,0,0,9105,0,0,0,8014,12,0,0,8444,646,0,0,8451,105,0,0,8000,8400,5005,5008,5003,,5.8999999999999995,,,,371.7,,,,226.10000000000002,,,,655.4000000000001,,,eE5ozQiaIs4T0TASXyXDhDuGr9dEhVlNS38SsbdTF_OS,04E81p_9PA-iPR8e4m1ZsU0Jo8ZsjDNJXJf-KZ3q1dg8Gg,eE5ozQiaIs4T0TASXyXDhDuGr9dEhVlNS38SsbdTF_OS,False
55,4602619931,1598440445278,1727,420,11,13,10.16.330.9186,CLASSIC,MATCHED_GAME,Hide on bush,4,100,875,6,4,False,0,3742,3067,3211,3111,3068,3364,2,1,8,2,1,1694,0,107022,24448,70627,11945,0,7794,956,5560,1277,4581,1,32793,1350,0,36,15,24443,10410,11733,2299,10147,10075,0,0,212,12,0,0,189,15,9,0,12,8,False,False,False,False,False,False,8021,1830,0,0,9111,932,200,0,9105,13,30,0,8014,118,0,0,8444,1735,0,0,8451,212,0,0,8000,8400,5005,5008,5003,7.1,8.6,,,450.90000000000003,470.8,,,327.4,341.4,,,757.9000000000001,454.3,,,eE5ozQiaIs4T0TASXyXDhDuGr9dEhVlNS38SsbdTF_OS,04E81p_9PA-iPR8e4m1ZsU0Jo8ZsjDNJXJf-KZ3q1dg8Gg,eE5ozQiaIs4T0TASXyXDhDuGr9dEhVlNS38SsbdTF_OS,False
56,4602613649,1598438234981,1600,420,11,13,10.16.330.9186,CLASSIC,MATCHED_GAME,Hide on bush,6,200,84,12,4,False,3146,2421,2055,3151,3111,3191,3364,4,1,6,4,1,1244,0,126290,99667,25968,654,0,16042,12735,3307,0,13825,1,16294,3320,107,28,3,24340,8587,15232,520,10756,10525,0,0,216,20,12,5,99,15,8,0,9,8,False,False,False,False,False,False,8021,3106,0,0,9111,773,200,0,9105,15,0,0,8014,236,0,0,8139,803,0,0,8135,3315,5,0,8000,8100,5008,5008,5003,9.3,9.5,,,651.5,499.0,,,512.2,329.0,,,1163.1,188.10000000000002,,,eE5ozQiaIs4T0TASXyXDhDuGr9dEhVlNS38SsbdTF_OS,04E81p_9PA-iPR8e4m1ZsU0Jo8ZsjDNJXJf-KZ3q1dg8Gg,eE5ozQiaIs4T0TASXyXDhDuGr9dEhVlNS38SsbdTF_OS,False
57,4600230414,1598339517355,2124,420,11,13,10.16.330.9186,CLASSIC,MATCHED_GAME,Hide on bush,9,200,876,11,4,False,3157,3742,1402,3009,3151,3194,3364,13,7,10,7,3,502,0,247801,165573,27403,54826,0,27324,21538,921,4864,14935,1,29667,17871,0,47,26,41660,17577,22772,1310,18083,16350,0,0,48,188,94,46,412,18,8,0,11,11,False,False,False,False,False,False,8230,17,0,0,8275,24,0,0,8234,25947,0,0,8232,6,0,0,9105,11,10,0,9111,1295,460,0,8200,8000,5005,5008,5002,0.5,0.1,1.8,3.3,539.5999999999999,358.5,513.2,704.0,496.70000000000005,382.6,418.6,664.9000000000001,1093.2,633.6,1999.6,1439.4,eE5ozQiaIs4T0TASXyXDhDuGr9dEhVlNS38SsbdTF_OS,04E81p_9PA-iPR8e4m1ZsU0Jo8ZsjDNJXJf-KZ3q1dg8Gg,eE5ozQiaIs4T0TASXyXDhDuGr9dEhVlNS38SsbdTF_OS,True
58,4599591280,1598289663701,1304,420,11,13,10.16.330.9186,CLASSIC,MATCHED_GAME,Hide on bush,6,200,238,14,4,True,3142,2055,3147,3158,3134,1028,3364,6,2,1,3,1,701,0,95285,3353,90877,1054,0,17181,350,15830,1000,1982,1,5971,1724,1724,30,5,11837,2488,8872,477,9136,8725,1,0,172,4,4,0,93,14,5,0,11,5,False,False,False,False,False,True,8112,1245,0,0,8139,759,0,0,8136,6,12,0,8106,3,0,0,8009,309,50,0,9105,16,50,0,8100,8000,5008,5008,5002,8.5,7.699999999999999,,,730.2,478.29999999999995,,,521.2,294.6,,,797.0999999999999,328.79999999999995,,,eE5ozQiaIs4T0TASXyXDhDuGr9dEhVlNS38SsbdTF_OS,04E81p_9PA-iPR8e4m1ZsU0Jo8ZsjDNJXJf-KZ3q1dg8Gg,eE5ozQiaIs4T0TASXyXDhDuGr9dEhVlNS38SsbdTF_OS,True
59,4599548129,1598288073547,1234,420,11,13,10.16.330.9186,CLASSIC,MATCHED_GAME,Hide on bush,7,200,238,14,4,False,3142,2031,3134,2055,3158,0,3364,1,8,2,0,1,469,0,52544,2464,47787,2292,0,9195,195,8217,782,785,1,6152,0,0,27,5,13235,2903,9596,734,5820,5650,0,0,121,0,0,0,66,11,8,0,16,5,False,False,False,False,False,False,8112,807,0,0,8139,805,0,0,8136,7,14,0,8106,2,0,0,8009,126,30,0,9105,0,0,0,8100,8000,5008,5008,5002,5.8,6.300000000000001,,,323.7,409.6,,,285.2,239.8,,,772.9000000000001,379.0,,,eE5ozQiaIs4T0TASXyXDhDuGr9dEhVlNS38SsbdTF_OS,04E81p_9PA-iPR8e4m1ZsU0Jo8ZsjDNJXJf-KZ3q1dg8Gg,eE5ozQiaIs4T0TASXyXDhDuGr9dEhVlNS38SsbdTF_OS,False
60,4599504702,1598285870403,1757,420,11,13,10.16.330.9186,CLASSIC,MATCHED_GAME,Hide on bush,10,200,8,14,4,True,3152,3089,1052,3158,3041,1056,3363,5,1,3,4,2,955,0,130164,115311,14343,510,0,16782,15365,907,510,24220,1,7871,9652,1541,32,3,18945,8833,9438,672,11452,10160,1,0,207,17,1,5,97,15,9,0,18,3,False,False,False,False,False,False,8230,14,0,0,8275,5,0,0,8210,16,0,0,8236,24,0,0,8139,913,0,0,8135,3264,5,0,8200,8100,5007,5008,5003,8.5,9.1,,,467.9,491.0,,,374.8,300.1,,,651.9,277.8,,,eE5ozQiaIs4T0TASXyXDhDuGr9dEhVlNS38SsbdTF_OS,04E81p_9PA-iPR8e4m1ZsU0Jo8ZsjDNJXJf-KZ3q1dg8Gg,eE5ozQiaIs4T0TASXyXDhDuGr9dEhVlNS38SsbdTF_OS,True
61,4599428365,1598283111299,2307,420,11,13,10.16.330.9186,CLASSIC,MATCHED_GAME,Hide on bush,4,100,84,12,4,False,3146,3157,2055,3020,3089,3165,3363,10,6,10,6,2,922,0,203800,177745,24143,1911,0,43008,35973,5123,1911,20986,1,29091,8201,1016,44,9,41333,17488,20313,3531,16378,16175,0,0,271,4,4,0,105,18,9,0,20,5,False,False,False,False,False,False,8021,5835,0,0,8009,893,50,0,9105,13,0,0,8014,782,0,0,8139,2114,0,0,8135,4854,5,0,8000,8100,5008,5008,5003,6.300000000000001,9.9,5.2,7.1,473.4,533.9,692.2,525.0,410.3,353.9,548.2,468.5,1207.9,174.8,1862.2,1293.2,eE5ozQiaIs4T0TASXyXDhDuGr9dEhVlNS38SsbdTF_OS,04E81p_9PA-iPR8e4m1ZsU0Jo8ZsjDNJXJf-KZ3q1dg8Gg,eE5ozQiaIs4T0TASXyXDhDuGr9dEhVlNS38SsbdTF_OS,False
62,4599382393,1598280533944,1256,420,11,13,10.16.330.9186,CLASSIC,MATCHED_GAME,Hide on bush,9,200,84,12,4,False,3146,2421,3108,1054,1082,3111,3340,4,3,1,2,1,290,0,91345,74672,14659,2013,0,11429,9672,1650,106,7240,1,8233,1985,0,18,4,18202,8644,7452,2105,9094,7200,0,0,180,8,4,4,54,14,2,0,8,4,False,False,False,False,,,8021,2593,0,0,8009,178,50,0,9105,15,0,0,8017,81,0,0,8444,972,0,0,8242,0,0,0,8000,8400,5008,5008,5003,10.3,6.4,,,600.8,451.5,,,442.59999999999997,330.9,,,1082.7,563.4,,,eE5ozQiaIs4T0TASXyXDhDuGr9dEhVlNS38SsbdTF_OS,04E81p_9PA-iPR8e4m1ZsU0Jo8ZsjDNJXJf-KZ3q1dg8Gg,eE5ozQiaIs4T0TASXyXDhDuGr9dEhVlNS38SsbdTF_OS,True
63,4599312752,1598278211335,956,420,11,13,10.16.330.9186,CLASSIC,MATCHED_GAME,Hide on bush,6,200,517,12,4,True,3030,2031,2055,1001,3191,1056,3340,1,1,1,0,1,349,0,58655,52481,4749,1425,0,3544,3283,260,0,2670,1,5086,3385,0,13,6,7455,600,6331,522,5832,5125,0,0,140,11,5,0,251,11,3,0,7,1,False,False,False,False,,,8021,1843,0,0,8009,330,200,0,9105,0,0,0,8014,60,0,0,8345,3,0,0,8347,0,0,0,8000,8300,5008,5008,5002,,8.4,,,,442.7,,,,269.9,,,,385.3,,,eE5ozQiaIs4T0TASXyXDhDuGr9dEhVlNS38SsbdTF_OS,04E81p_9PA-iPR8e4m1ZsU0Jo8ZsjDNJXJf-KZ3q1dg8Gg,eE5ozQiaIs4T0TASXyXDhDuGr9dEhVlNS38SsbdTF_OS,True
64,4598842746,1598271572786,1679,420,11,13,10.16.330.9186,CLASSIC,MATCHED_GAME,Hide on bush,6,200,3,12,4,True,3152,3157,2055,3111,3041,3089,3364,8,2,13,6,3,1353,0,169661,165232,4123,306,0,21655,21289,161,204,1999,1,28063,6643,4907,41,36,18045,5188,12063,794,13316,12375,1,1,230,14,5,2,106,16,3,0,18,8,False,False,False,False,True,False,8124,447,0,0,8143,505,0,0,8136,14,30,0,8134,61,5,0,8275,5,0,0,8210,18,0,0,8100,8200,5007,5008,5003,9.0,8.2,,,552.7,484.1,,,523.0999999999999,281.2,,,607.2,257.2,,,eE5ozQiaIs4T0TASXyXDhDuGr9dEhVlNS38SsbdTF_OS,04E81p_9PA-iPR8e4m1ZsU0Jo8ZsjDNJXJf-KZ3q1dg8Gg,eE5ozQiaIs4T0TASXyXDhDuGr9dEhVlNS38SsbdTF_OS,True
65,4598678098,1598270187904,980,420,11,13,10.16.330.9186,CLASSIC,MATCHED_GAME,Hide on bush,5,100,142,12,4,True,2033,0,2423,3041,3285,3020,3363,5,0,0,5,2,0,0,79193,63506,12599,3087,0,9306,6237,2009,1059,165,1,1365,3232,3232,12,23,3755,1725,2029,0,7932,6425,1,0,169,0,0,0,72,12,3,0,8,2,False,False,False,False,,,8360,4,0,0,8313,0,0,0,8316,1897,0,0,8347,0,0,0,8275,16,0,0,8210,0,0,0,8300,8200,5005,5008,5003,,9.0,,,,478.3,,,,341.2,,,,309.7,,,eE5ozQiaIs4T0TASXyXDhDuGr9dEhVlNS38SsbdTF_OS,04E81p_9PA-iPR8e4m1ZsU0Jo8ZsjDNJXJf-KZ3q1dg8Gg,eE5ozQiaIs4T0TASXyXDhDuGr9dEhVlNS38SsbdTF_OS,True
66,4598658605,1598267865930,1678,420,11,13,10.16.330.9186,CLASSIC,MATCHED_GAME,Hide on bush,7,200,517,14,4,True,3030,3157,3089,1033,3041,3020,3340,9,5,6,7,3,449,0,128679,113533,9710,5435,0,30449,25569,614,4265,13332,1,25308,8086,4790,20,26,33003,9463,21930,1608,13903,13440,1,0,189,16,13,0,436,16,6,0,14,3,False,False,False,False,False,True,8021,5080,0,0,8009,3406,500,0,9105,20,40,0,8014,417,0,0,8345,3,0,0,8347,0,0,0,8000,8300,5008,5008,5002,6.5,7.6,,,424.2,455.6,,,333.79999999999995,257.2,,,994.9000000000001,462.9,,,eE5ozQiaIs4T0TASXyXDhDuGr9dEhVlNS38SsbdTF_OS,04E81p_9PA-iPR8e4m1ZsU0Jo8ZsjDNJXJf-KZ3q1dg8Gg,eE5ozQiaIs4T0TASXyXDhDuGr9dEhVlNS38SsbdTF_OS,True
67,4598604341,1598265576900,1452,420,11,13,10.16.330.9186,CLASSIC,MATCHED_GAME,Hide on bush,10,200,62,12,4,False,3153,2033,3009,3155,3044,3067,3340,4,4,4,2,1,529,0,80553,12700,65888,1963,0,13685,2678,10950,56,2748,1,13290,4084,2046,14,7,19461,10957,7809,694,9438,8650,1,0,164,4,4,0,35,13,2,0,9,1,False,False,False,False,False,False,8010,445,0,0,9111,263,160,0,9105,13,50,0,8014,149,0,0,8345,3,0,0,8352,270,1374,892,8000,8300,5005,5008,5003,9.6,6.800000000000001,,,598.7,405.79999999999995,,,477.79999999999995,290.1,,,771.4000000000001,473.0,,,eE5ozQiaIs4T0TASXyXDhDuGr9dEhVlNS38SsbdTF_OS,04E81p_9PA-iPR8e4m1ZsU0Jo8ZsjDNJXJf-KZ3q1dg8Gg,eE5ozQiaIs4T0TASXyXDhDuGr9dEhVlNS38SsbdTF_OS,True
68,4598557155,1598263169222,1649,420,11,13,10.16.330.9186,CLASSIC,MATCHED_GAME,Hide on bush,4,100,876,11,4,False,1414,2031,2055,3111,3151,1028,3364,2,3,0,2,1,629,0,154686,95519,24732,34433,0,7237,5839,284,1113,7950,1,10935,16963,210,18,17,22264,4345,17027,891,9010,7775,2,0,18,136,90,21,202,12,7,0,9,3,False,False,True,False,False,False,8230,8,0,0,8275,17,0,0,8234,14641,0,0,8232,4,10,0,8242,0,0,0,8473,538,0,0,8200,8400,5005,5008,5002,0.7,0.4,,,376.6,330.2,,,372.29999999999995,281.8,,,926.6,727.2,,,eE5ozQiaIs4T0TASXyXDhDuGr9dEhVlNS38SsbdTF_OS,04E81p_9PA-iPR8e4m1ZsU0Jo8ZsjDNJXJf-KZ3q1dg8Gg,eE5ozQiaIs4T0TASXyXDhDuGr9dEhVlNS38SsbdTF_OS,True
69,4597190309,1598191379430,1262,420,11,13,10.16.330.9186,CLASSIC,MATCHED_GAME,Hide on bush,1,100,268,12,4,True,2031,3151,2055,3802,3115,3020,3363,4,0,1,4,1,0,0,122400,115167,7169,64,0,9821,9775,46,0,235,1,3360,11779,3026,26,6,5767,1517,4195,54,10274,9375,1,0,201,24,16,5,135,14,7,0,12,4,False,False,False,False,,,8008,1,40,0,8009,1122,500,0,9104,16,10,0,8017,121,0,0,8304,10,3,0,8345,3,0,0,8000,8300,5005,5008,5003,10.399999999999999,9.0,,,667.3,467.6,,,523.6,351.6,,,335.5,181.1,,,eE5ozQiaIs4T0TASXyXDhDuGr9dEhVlNS38SsbdTF_OS,04E81p_9PA-iPR8e4m1ZsU0Jo8ZsjDNJXJf-KZ3q1dg8Gg,eE5ozQiaIs4T0TASXyXDhDuGr9dEhVlNS38SsbdTF_OS,False
70,4597121686,1598189157097,1316,420,11,13,10.16.330.9186,CLASSIC,MATCHED_GAME,Hide on bush,3,100,236,1,4,False,3153,2031,1028,3067,1055,3006,3363,2,3,1,0,1,615,0,82605,3614,76735,2256,0,10323,1091,9165,66,339,1,4030,2747,0,18,3,9596,3562,5364,670,7316,6400,0,0,175,0,0,0,40,12,6,0,13,2,False,False,False,False,False,False,8005,1018,677,341,8009,460,300,0,9104,20,30,0,8017,106,0,0,8304,11,1,5,8345,3,0,0,8000,8300,5005,5008,5002,9.6,7.2,,,493.6,414.1,,,367.7,273.20000000000005,,,397.1,280.0,,,eE5ozQiaIs4T0TASXyXDhDuGr9dEhVlNS38SsbdTF_OS,04E81p_9PA-iPR8e4m1ZsU0Jo8ZsjDNJXJf-KZ3q1dg8Gg,eE5ozQiaIs4T0TASXyXDhDuGr9dEhVlNS38SsbdTF_OS,False
71,4596828615,1598182919512,1829,420,11,13,10.16.330.9186,CLASSIC,MATCHED_GAME,Hide on bush,10,200,142,1,4,False,3089,3285,1026,3102,1082,3111,3363,7,5,7,3,2,846,0,169352,147819,13259,8273,225,28310,22723,2158,3429,2335,3,7801,3620,676,24,27,13617,5419,7406,792,13395,12825,0,0,205,18,15,0,135,15,3,0,14,2,False,False,False,False,False,False,8360,11,0,0,8313,0,0,0,8316,6253,0,0,8347,0,0,0,8275,29,0,0,8210,0,0,0,8300,8200,5005,5008,5003,6.8,6.9,,6.8,398.2,457.6,,558.9,422.9,374.8,,485.9,567.0,310.6,,484.09999999999997,eE5ozQiaIs4T0TASXyXDhDuGr9dEhVlNS38SsbdTF_OS,04E81p_9PA-iPR8e4m1ZsU0Jo8ZsjDNJXJf-KZ3q1dg8Gg,eE5ozQiaIs4T0TASXyXDhDuGr9dEhVlNS38SsbdTF_OS,False
72,4596295158,1598167722697,2073,420,11,13,10.16.330.9186,CLASSIC,MATCHED_GAME,Hide on bush,8,200,99,3,4,False,3853,3107,2055,2065,3009,3108,3364,3,9,16,2,2,440,0,38901,30838,5028,3034,0,11817,9196,1566,1054,3355,5,16216,834,0,80,70,20807,5194,15469,143,9167,7425,0,0,49,0,0,0,396,15,11,0,33,22,False,False,False,False,False,False,8439,0,0,0,8446,0,0,0,8473,478,0,0,8242,0,0,0,8347,0,0,0,8345,3,0,0,8400,8300,5005,5008,5002,2.0,0.7,,1.3,322.1,195.0,,638.2,238.9,156.0,,293.0,661.5,188.5,,690.5,eE5ozQiaIs4T0TASXyXDhDuGr9dEhVlNS38SsbdTF_OS,04E81p_9PA-iPR8e4m1ZsU0Jo8ZsjDNJXJf-KZ3q1dg8Gg,eE5ozQiaIs4T0TASXyXDhDuGr9dEhVlNS38SsbdTF_OS,False
73,4596192788,1598164853556,1669,420,11,13,10.16.330.9186,CLASSIC,MATCHED_GAME,Hide on bush,2,100,20,14,4,True,3152,1057,3020,1056,3041,3742,3364,7,4,12,4,1,679,0,108981,71582,6516,30882,0,21561,18687,1315,1558,15141,1,22575,4932,774,36,37,27693,14034,12869,790,11524,9570,1,0,164,0,0,0,291,15,4,0,13,7,False,False,False,False,False,False,8128,1456,20,0,8126,841,0,0,8136,9,18,0,8105,15,5,0,8234,11618,0,0,8232,4,0,0,8100,8200,5008,5008,5003,6.6,5.800000000000001,,,413.1,437.1,,,343.6,314.4,,,1031.1999999999998,605.0,,,eE5ozQiaIs4T0TASXyXDhDuGr9dEhVlNS38SsbdTF_OS,04E81p_9PA-iPR8e4m1ZsU0Jo8ZsjDNJXJf-KZ3q1dg8Gg,eE5ozQiaIs4T0TASXyXDhDuGr9dEhVlNS38SsbdTF_OS,True
74,4595436875,1598122985910,957,420,11,13,10.16.330.9186,CLASSIC,MATCHED_GAME,Hide on bush,7,200,3,12,4,True,3152,2031,2421,3047,3191,1056,3364,6,2,6,3,2,500,0,45723,43608,2114,0,0,5297,5198,99,0,663,1,8170,972,972,15,17,8923,1561,7128,233,7280,6225,0,1,95,0,0,0,45,9,3,0,7,3,False,False,False,False,True,False,8124,271,0,0,8143,150,0,0,8136,2,4,0,8134,40,4,0,8275,4,0,0,8210,0,0,0,8100,8200,5007,5008,5003,,7.199999999999999,,,,432.4,,,,412.1,,,,323.6,,,eE5ozQiaIs4T0TASXyXDhDuGr9dEhVlNS38SsbdTF_OS,04E81p_9PA-iPR8e4m1ZsU0Jo8ZsjDNJXJf-KZ3q1dg8Gg,eE5ozQiaIs4T0TASXyXDhDuGr9dEhVlNS38SsbdTF_OS,True
75,4595433642,1598120366880,1710,420,11,13,10.16.330.9186,CLASSIC,MATCHED_GAME,Hide on bush,6,200,126,14,4,True,3142,0,3156,3044,3067,3111,3364,5,4,11,0,1,575,0,151825,17050,128262,6512,0,24128,2892,20524,712,2753,1,13263,7877,5155,53,7,16138,7761,8219,157,12177,10325,1,0,207,15,9,4,114,16,5,0,16,12,False,False,False,False,False,True,8230,16,0,0,8226,250,1195,0,8210,0,0,0,8236,14,0,0,8136,10,30,0,8139,1306,0,0,8200,8100,5005,5008,5003,8.1,8.4,,,467.0,428.5,,,393.5,294.9,,,471.9,347.8,,,eE5ozQiaIs4T0TASXyXDhDuGr9dEhVlNS38SsbdTF_OS,04E81p_9PA-iPR8e4m1ZsU0Jo8ZsjDNJXJf-KZ3q1dg8Gg,eE5ozQiaIs4T0TASXyXDhDuGr9dEhVlNS38SsbdTF_OS,True
76,4595370765,1598117905897,1908,420,11,13,10.16.330.9186,CLASSIC,MATCHED_GAME,Hide on bush,10,200,777,14,4,False,2420,1031,3031,3812,3046,3006,3363,5,3,6,4,1,865,0,213542,29370,169411,14760,590,21669,3470,14658,3540,3811,1,25291,14975,1441,24,22,19456,6017,10938,2501,14057,13900,1,0,282,11,3,0,148,17,2,0,13,5,False,False,False,False,False,False,8021,2123,0,0,9111,1030,220,0,9104,17,50,0,8014,324,0,0,8444,860,0,0,8451,205,0,0,8000,8400,5005,5008,5003,11.7,8.4,,7.199999999999999,647.5,471.9,,603.1,458.5,295.6,,557.2,701.0,250.4,,755.0,eE5ozQiaIs4T0TASXyXDhDuGr9dEhVlNS38SsbdTF_OS,04E81p_9PA-iPR8e4m1ZsU0Jo8ZsjDNJXJf-KZ3q1dg8Gg,eE5ozQiaIs4T0TASXyXDhDuGr9dEhVlNS38SsbdTF_OS,False
77,4594657788,1598101521924,1131,420,11,13,10.16.330.9186,CLASSIC,MATCHED_GAME,Hide on bush,2,100,238,14,4,False,3142,2031,2055,3147,3158,0,3364,3,6,0,0,1,444,0,72988,3318,66134,3536,0,11073,208,10333,531,755,1,5170,1705,1705,16,4,11070,2669,8057,343,7832,6850,0,0,148,0,0,0,58,12,4,0,8,2,False,False,False,False,False,False,8112,666,0,0,8139,877,0,0,8136,2,4,0,8106,3,0,0,8304,12,0,0,8347,0,0,0,8100,8300,5008,5008,5003,,8.4,,,,455.20000000000005,,,,282.5,,,,274.0,,,eE5ozQiaIs4T0TASXyXDhDuGr9dEhVlNS38SsbdTF_OS,04E81p_9PA-iPR8e4m1ZsU0Jo8ZsjDNJXJf-KZ3q1dg8Gg,eE5ozQiaIs4T0TASXyXDhDuGr9dEhVlNS38SsbdTF_OS,True
78,4593808182,1598079958874,1519,420,11,13,10.16.330.9186,CLASSIC,MATCHED_GAME,Hide on bush,7,200,777,14,4,False,3105,3031,1053,1055,3006,3046,3363,7,4,2,4,1,680,0,157456,22326,129204,5925,474,23899,5161,15530,3207,4107,1,19620,9393,343,20,21,20184,10696,8149,1338,11068,10680,0,0,197,23,11,0,189,15,4,0,11,2,False,False,False,False,False,False,8010,1272,0,0,9111,699,180,0,9104,15,40,0,8014,446,0,0,8139,1119,0,0,8135,1349,5,0,8000,8100,5005,5008,5002,7.4,9.100000000000001,,,632.7,518.1,,,528.5,322.4,,,902.1,376.20000000000005,,,eE5ozQiaIs4T0TASXyXDhDuGr9dEhVlNS38SsbdTF_OS,04E81p_9PA-iPR8e4m1ZsU0Jo8ZsjDNJXJf-KZ3q1dg8Gg,eE5ozQiaIs4T0TASXyXDhDuGr9dEhVlNS38SsbdTF_OS,True
79,4593781852,1598077744030,1922,420,11,13,10.16.330.9186,CLASSIC,MATCHED_GAME,Hide on bush,6,200,3,12,4,False,3152,3157,1058,3111,3041,3135,3364,9,7,8,4,2,641,0,149943,144270,2682,2990,0,19770,19630,0,140,2146,1,33914,7488,413,60,42,26777,5438,20245,1094,14488,13455,0,0,212,12,8,0,109,15,9,0,24,12,False,False,False,False,False,False,8124,457,0,0,8143,553,0,0,8136,16,30,0,8134,75,5,0,8275,8,0,0,8210,0,0,0,8100,8200,5007,5008,5003,5.6,8.7,,5.0,411.9,527.5,,414.7,456.29999999999995,387.9,,474.6,933.7,350.9,,1107.7,eE5ozQiaIs4T0TASXyXDhDuGr9dEhVlNS38SsbdTF_OS,04E81p_9PA-iPR8e4m1ZsU0Jo8ZsjDNJXJf-KZ3q1dg8Gg,eE5ozQiaIs4T0TASXyXDhDuGr9dEhVlNS38SsbdTF_OS,True
80,4593608071,1598073476406,1855,420,11,13,10.16.330.9186,CLASSIC,MATCHED_GAME,Hide on bush,8,200,134,1,4,False,0,3916,3102,3020,3285,1026,3363,4,5,4,3,1,1084,0,159389,144138,15016,234,0,27196,24081,2881,234,2540,1,8056,4405,2905,24,42,15120,4930,9187,1002,12633,10925,1,0,239,7,5,0,350,16,7,0,15,1,False,False,False,False,False,False,8230,24,0,0,8226,250,1789,0,8210,0,0,0,8237,626,0,0,8139,1004,0,0,8135,1772,5,0,8200,8100,5005,5008,5002,7.4,9.0,,7.4,506.5,494.4,,550.8,505.2,279.3,,406.0,435.9,51.2,,782.9000000000001,eE5ozQiaIs4T0TASXyXDhDuGr9dEhVlNS38SsbdTF_OS,04E81p_9PA-iPR8e4m1ZsU0Jo8ZsjDNJXJf-KZ3q1dg8Gg,eE5ozQiaIs4T0TASXyXDhDuGr9dEhVlNS38SsbdTF_OS,False
81,4592857502,1598030477501,1932,420,11,13,10.16.330.9186,CLASSIC,MATCHED_GAME,Hide on bush,10,200,9,12,4,True,2421,3110,3065,1082,3111,3108,3330,5,4,11,4,1,698,0,142206,122785,6235,13185,0,24918,24603,315,0,22142,1,53600,5747,1008,52,89,37654,16518,19501,1634,11090,9300,0,0,179,8,0,7,1875,15,4,0,4,9,False,False,False,False,False,False,8439,930,0,0,8446,516,0,0,8429,62,20,16,8453,1602,179,0,9105,10,0,0,8009,3648,500,0,8400,8000,5008,5008,5003,6.3999999999999995,8.7,,2.4,427.2,520.0,,337.3,301.5,403.5,,251.4,948.4000000000001,624.1,,1701.0,eE5ozQiaIs4T0TASXyXDhDuGr9dEhVlNS38SsbdTF_OS,04E81p_9PA-iPR8e4m1ZsU0Jo8ZsjDNJXJf-KZ3q1dg8Gg,eE5ozQiaIs4T0TASXyXDhDuGr9dEhVlNS38SsbdTF_OS,False
82,4592852837,1598028327028,1466,420,11,13,10.16.330.9186,CLASSIC,MATCHED_GAME,Hide on bush,3,100,236,12,4,True,3070,0,0,0,0,0,3364,6,5,10,2,2,627,0,97978,1712,93939,2326,0,21212,1227,19305,680,2956,1,10823,3819,2593,27,7,17144,7865,6939,2339,11139,11300,0,0,155,12,12,0,133,13,6,0,10,5,False,False,False,False,False,True,8005,1544,877,666,9101,1651,1784,0,9105,15,50,0,8014,434,0,0,8304,9,4,5,8345,3,0,0,8000,8300,5005,5008,5003,6.5,8.600000000000001,,,481.6,450.2,,,510.0,365.2,,,914.6,171.3,,,eE5ozQiaIs4T0TASXyXDhDuGr9dEhVlNS38SsbdTF_OS,04E81p_9PA-iPR8e4m1ZsU0Jo8ZsjDNJXJf-KZ3q1dg8Gg,eE5ozQiaIs4T0TASXyXDhDuGr9dEhVlNS38SsbdTF_OS,False
83,4592780255,1598026564413,965,420,11,13,10.16.330.9186,CLASSIC,MATCHED_GAME,Hide on bush,3,100,3,12,4,True,3152,2031,2055,3047,3041,3191,3340,1,0,4,0,1,0,0,56663,54406,2257,0,0,2591,2397,194,0,0,0,4580,2911,2551,18,7,5244,1361,3882,0,6666,6550,1,0,130,4,4,0,32,11,4,0,12,2,False,False,False,True,,,8124,124,0,0,8143,69,0,0,8136,3,6,0,8134,25,4,0,8275,4,0,0,8210,0,0,0,8100,8200,5008,5002,5002,,7.3,,,,444.1,,,,329.8,,,,305.9,,,eE5ozQiaIs4T0TASXyXDhDuGr9dEhVlNS38SsbdTF_OS,04E81p_9PA-iPR8e4m1ZsU0Jo8ZsjDNJXJf-KZ3q1dg8Gg,eE5ozQiaIs4T0TASXyXDhDuGr9dEhVlNS38SsbdTF_OS,True
84,4592694346,1598024760092,1248,420,11,13,10.16.330.9186,CLASSIC,MATCHED_GAME,Hide on bush,7,200,84,14,4,False,3146,2055,3191,1056,3111,1082,3340,1,1,1,0,1,1115,0,75292,60934,13970,388,0,7567,5997,1182,388,2955,1,5453,0,0,15,1,10203,5595,4061,547,6792,6750,0,0,164,1,1,0,35,12,2,0,7,3,False,False,False,False,,,8021,1668,0,0,8009,40,20,0,9105,0,0,0,8014,26,0,0,8135,446,2,0,8139,626,0,0,8000,8100,5008,5008,5003,9.1,7.3,,,504.90000000000003,446.70000000000005,,,372.3,247.1,,,576.5,377.3,,,eE5ozQiaIs4T0TASXyXDhDuGr9dEhVlNS38SsbdTF_OS,04E81p_9PA-iPR8e4m1ZsU0Jo8ZsjDNJXJf-KZ3q1dg8Gg,eE5ozQiaIs4T0TASXyXDhDuGr9dEhVlNS38SsbdTF_OS,False
85,4592618245,1598022919521,1416,420,11,13,10.16.330.9186,CLASSIC,MATCHED_GAME,Hide on bush,7,200,497,14,4,False,3860,2065,2055,2031,1028,3117,3364,0,5,2,0,0,768,0,13992,5282,4651,4058,0,3787,2577,777,432,1848,5,14100,0,0,47,15,16323,2136,12883,1304,4711,4475,0,0,36,0,0,0,74,10,5,0,29,4,False,False,False,False,False,False,8465,2827,0,0,8463,437,0,0,8473,493,0,0,8242,0,0,0,8136,8,16,0,8106,2,0,0,8400,8100,5005,5008,5002,1.4,2.2,,,229.3,290.3,,,189.5,171.0,,,785.5,140.1,,,eE5ozQiaIs4T0TASXyXDhDuGr9dEhVlNS38SsbdTF_OS,04E81p_9PA-iPR8e4m1ZsU0Jo8ZsjDNJXJf-KZ3q1dg8Gg,eE5ozQiaIs4T0TASXyXDhDuGr9dEhVlNS38SsbdTF_OS,True
86,4592602590,1598021326642,1081,420,11,13,10.16.330.9186,CLASSIC,MATCHED_GAME,Hide on bush,2,100,142,14,4,True,2033,2055,3285,1082,3020,0,3363,3,1,2,2,1,654,0,62233,50439,10455,1338,0,9561,5992,2304,1264,1358,2,2576,2993,2993,12,10,6418,2240,4178,0,6910,5450,0,1,131,0,0,0,40,11,4,0,7,0,False,False,False,False,True,False,8214,724,0,0,8275,14,0,0,8210,0,0,0,8237,324,0,0,8139,455,0,0,8135,398,3,0,8200,8100,5005,5008,5003,,8.3,,,,483.29999999999995,,,,299.6,,,,383.5,,,eE5ozQiaIs4T0TASXyXDhDuGr9dEhVlNS38SsbdTF_OS,04E81p_9PA-iPR8e4m1ZsU0Jo8ZsjDNJXJf-KZ3q1dg8Gg,eE5ozQiaIs4T0TASXyXDhDuGr9dEhVlNS38SsbdTF_OS,True
87,4592374084,1598016159829,1025,420,11,13,10.16.330.9186,CLASSIC,MATCHED_GAME,Hide on bush,7,200,777,1,4,False,2031,3006,1055,1055,3046,1018,3340,2,5,1,0,1,311,0,52609,6860,41247,4501,302,5827,1116,4184,526,605,1,5007,454,454,6,8,8879,822,6896,1160,6238,5600,0,0,105,1,1,0,43,10,0,0,5,1,False,False,False,False,False,False,8010,44,0,0,9111,129,60,0,9104,0,0,0,8014,90,0,0,8139,387,0,0,8135,180,2,0,8000,8100,5005,5008,5003,,5.7,,,,361.5,,,,222.89999999999998,,,,492.09999999999997,,,eE5ozQiaIs4T0TASXyXDhDuGr9dEhVlNS38SsbdTF_OS,04E81p_9PA-iPR8e4m1ZsU0Jo8ZsjDNJXJf-KZ3q1dg8Gg,eE5ozQiaIs4T0TASXyXDhDuGr9dEhVlNS38SsbdTF_OS,False
88,4592263100,1598013184236,1902,420,11,13,10.16.330.9186,CLASSIC,MATCHED_GAME,Hide on bush,2,100,412,14,4,False,3857,3193,3222,2055,3117,3105,3364,4,8,14,2,1,575,0,21207,11323,5636,4247,0,5724,3691,994,1038,973,1,25827,2192,1274,81,30,21898,5687,13634,2576,9171,8250,0,0,42,0,0,0,110,13,13,0,38,11,False,False,False,True,False,False,8439,476,0,0,8446,642,0,0,8473,833,0,0,8242,0,0,0,8316,373,0,0,8347,0,0,0,8400,8300,5005,5008,5002,1.6,1.8,,0.8,278.0,292.3,,448.3,277.0,239.1,,322.0,429.2,227.60000000000002,,976.6,eE5ozQiaIs4T0TASXyXDhDuGr9dEhVlNS38SsbdTF_OS,04E81p_9PA-iPR8e4m1ZsU0Jo8ZsjDNJXJf-KZ3q1dg8Gg,eE5ozQiaIs4T0TASXyXDhDuGr9dEhVlNS38SsbdTF_OS,False
89,4592224082,1598010785850,1893,420,11,13,10.16.330.9186,CLASSIC,MATCHED_GAME,Hide on bush,9,200,84,14,4,True,3146,3135,0,3020,1056,3165,3340,9,6,3,3,2,348,0,112847,93365,13286,6196,0,17718,14023,2235,1459,7002,1,11014,4957,1937,28,5,22522,8549,13569,403,13109,11175,1,0,197,8,4,4,57,16,5,0,14,3,False,False,False,False,False,False,8010,734,0,0,8009,388,50,0,9105,17,30,0,8014,468,0,0,8139,1152,0,0,8135,2268,4,0,8000,8100,5008,5008,5003,5.8,7.300000000000001,,6.4,403.59999999999997,399.5,,626.5,390.2,276.5,,489.8,930.2,404.4,,791.1,eE5ozQiaIs4T0TASXyXDhDuGr9dEhVlNS38SsbdTF_OS,04E81p_9PA-iPR8e4m1ZsU0Jo8ZsjDNJXJf-KZ3q1dg8Gg,eE5ozQiaIs4T0TASXyXDhDuGr9dEhVlNS38SsbdTF_OS,True
90,4592007205,1598008006958,1120,420,11,13,10.16.330.9186,CLASSIC,MATCHED_GAME,Hide on bush,8,200,517,12,4,True,3030,3157,1056,3020,1082,3916,3340,7,3,5,5,2,405,0,102451,88912,7351,6188,0,15265,14413,749,102,8322,1,10173,4217,4217,13,13,20008,10506,8776,726,10530,9475,1,0,160,13,4,9,356,14,1,0,7,0,False,False,False,False,,,8021,3472,0,0,8009,2988,500,0,9105,13,50,0,8014,386,0,0,8345,3,0,0,8347,0,0,0,8000,8300,5008,5008,5003,,8.0,,,,501.70000000000005,,,,353.9,,,,660.9,,,eE5ozQiaIs4T0TASXyXDhDuGr9dEhVlNS38SsbdTF_OS,04E81p_9PA-iPR8e4m1ZsU0Jo8ZsjDNJXJf-KZ3q1dg8Gg,eE5ozQiaIs4T0TASXyXDhDuGr9dEhVlNS38SsbdTF_OS,True
91,4590918749,1597946775918,1240,420,11,13,10.16.330.9186,CLASSIC,MATCHED_GAME,Hide on bush,10,200,42,12,4,True,0,3020,1083,3078,3031,3042,3340,9,2,5,4,2,955,0,107914,91086,13725,3103,523,15004,13217,1786,0,1609,1,7029,6811,5884,20,0,9741,4723,4887,130,12315,11358,4,0,172,8,1,4,12,13,5,0,10,3,False,False,False,True,False,True,8021,1098,0,0,9101,1429,1806,0,9103,19,40,0,8017,253,0,0,8304,9,4,5,8316,3723,0,0,8000,8300,5005,5008,5003,7.699999999999999,9.4,,,535.6,482.2,,,741.3,374.8,,,724.9000000000001,243.9,,,eE5ozQiaIs4T0TASXyXDhDuGr9dEhVlNS38SsbdTF_OS,04E81p_9PA-iPR8e4m1ZsU0Jo8ZsjDNJXJf-KZ3q1dg8Gg,eE5ozQiaIs4T0TASXyXDhDuGr9dEhVlNS38SsbdTF_OS,False
92,4590935538,1597944294480,2096,420,11,13,10.16.330.9186,CLASSIC,MATCHED_GAME,Hide on bush,4,100,89,14,4,False,3860,3193,2065,2055,3009,3024,3364,2,8,13,2,1,737,0,26899,13938,4016,8944,0,6068,3958,1177,932,1277,4,38679,1237,476,87,38,27080,8182,18550,348,8807,7975,0,0,39,0,0,0,57,13,13,0,44,12,False,False,False,False,False,False,8439,837,0,0,8463,1191,0,0,8473,696,0,0,8451,161,0,0,8306,6,0,0,8316,454,0,0,8400,8300,5005,5002,5003,1.5,1.5,,0.7,264.6,275.4,,394.9,240.1,162.6,,325.29999999999995,418.3,352.9,,1098.4,eE5ozQiaIs4T0TASXyXDhDuGr9dEhVlNS38SsbdTF_OS,04E81p_9PA-iPR8e4m1ZsU0Jo8ZsjDNJXJf-KZ3q1dg8Gg,eE5ozQiaIs4T0TASXyXDhDuGr9dEhVlNS38SsbdTF_OS,False
93,4590913189,1597942645106,1198,420,11,13,10.16.330.9186,CLASSIC,MATCHED_GAME,Hide on bush,8,200,84,14,4,True,3146,0,3020,3165,1033,1056,3364,10,0,1,10,2,0,0,98233,79101,16619,2512,0,14459,12749,1405,304,5945,1,4721,1981,1981,14,3,9685,1744,7415,525,11264,8675,2,0,199,4,4,0,64,15,3,0,8,1,False,False,False,False,False,False,8021,2223,0,0,8009,520,50,0,9105,14,20,0,8014,351,0,0,8139,677,0,0,8135,1688,4,0,8000,8100,5008,5008,5003,,9.4,,,,521.9,,,,343.8,,,,328.9,,,eE5ozQiaIs4T0TASXyXDhDuGr9dEhVlNS38SsbdTF_OS,04E81p_9PA-iPR8e4m1ZsU0Jo8ZsjDNJXJf-KZ3q1dg8Gg,eE5ozQiaIs4T0TASXyXDhDuGr9dEhVlNS38SsbdTF_OS,True
94,4590829641,1597940728195,1389,420,11,13,10.16.330.9186,CLASSIC,MATCHED_GAME,Hide on bush,9,200,53,14,4,False,3857,2065,2055,1082,3009,1031,3364,1,1,7,0,1,1117,0,19667,6258,4683,8725,0,4907,2987,1444,475,85,1,11043,2130,0,38,33,13528,6330,6739,458,5357,5200,0,0,35,0,0,0,94,10,6,0,17,6,False,False,False,False,False,False,8439,182,0,0,8446,0,0,0,8473,596,0,0,8242,0,0,0,8316,356,0,0,8306,2,0,0,8400,8300,5005,5002,5003,1.7999999999999998,1.6,,,366.8,229.5,,,265.3,159.6,,,687.9,272.6,,,eE5ozQiaIs4T0TASXyXDhDuGr9dEhVlNS38SsbdTF_OS,04E81p_9PA-iPR8e4m1ZsU0Jo8ZsjDNJXJf-KZ3q1dg8Gg,eE5ozQiaIs4T0TASXyXDhDuGr9dEhVlNS38SsbdTF_OS,False
95,4590765643,1597938544107,1552,420,11,13,10.16.330.9186,CLASSIC,MATCHED_GAME,Hide on bush,2,100,236,1,4,False,3153,3071,1018,1055,1055,3006,3363,2,1,2,2,1,516,0,141019,4594,130761,5663,397,11897,805,11006,86,1589,1,6140,11685,1911,38,2,12639,3267,8977,393,11681,9300,1,0,232,28,20,7,68,14,4,0,12,7,False,False,False,False,,,8005,986,662,324,9111,148,80,0,9104,17,40,0,8014,221,0,0,8304,10,3,0,8345,3,0,0,8000,8300,5005,5008,5003,11.399999999999999,8.5,,,581.0,423.3,,,454.7,301.0,,,538.5999999999999,376.0,,,eE5ozQiaIs4T0TASXyXDhDuGr9dEhVlNS38SsbdTF_OS,04E81p_9PA-iPR8e4m1ZsU0Jo8ZsjDNJXJf-KZ3q1dg8Gg,eE5ozQiaIs4T0TASXyXDhDuGr9dEhVlNS38SsbdTF_OS,False
96,4590668234,1597935739972,1819,420,11,13,10.16.330.9186,CLASSIC,MATCHED_GAME,Hide on bush,8,200,126,3,4,False,3142,2033,3134,3047,3071,3035,3364,3,6,5,3,1,814,0,159375,20320,134855,4200,0,20830,3029,17654,146,2092,1,12688,3330,0,38,9,18575,3793,13722,1059,10866,10650,0,0,241,15,12,3,154,15,8,0,14,10,False,False,False,False,False,False,8230,11,0,0,8226,250,845,0,8210,0,0,0,8236,28,0,0,8473,575,0,0,8446,0,0,0,8200,8400,5008,5008,5002,9.5,7.9,,6.699999999999999,557.4,437.0,,441.6,402.1,255.6,,370.1,456.5,386.0,,1015.0,eE5ozQiaIs4T0TASXyXDhDuGr9dEhVlNS38SsbdTF_OS,04E81p_9PA-iPR8e4m1ZsU0Jo8ZsjDNJXJf-KZ3q1dg8Gg,eE5ozQiaIs4T0TASXyXDhDuGr9dEhVlNS38SsbdTF_OS,False
97,4590624738,1597934201677,1095,420,11,13,10.16.330.9186,CLASSIC,MATCHED_GAME,Hide on bush,1,100,517,12,4,False,3030,2033,0,1082,1001,3191,3364,1,4,0,0,1,442,0,53076,48093,4983,0,0,3594,3124,469,0,2335,1,7430,0,0,12,4,12717,4919,7328,470,5880,5275,0,0,141,6,4,2,232,11,3,0,8,1,False,False,False,False,,,8021,1489,0,0,8009,243,100,0,9105,0,0,0,8014,68,0,0,8345,3,0,0,8347,0,0,0,8000,8300,5008,5008,5003,,7.6,,,,437.5,,,,254.2,,,,396.1,,,eE5ozQiaIs4T0TASXyXDhDuGr9dEhVlNS38SsbdTF_OS,04E81p_9PA-iPR8e4m1ZsU0Jo8ZsjDNJXJf-KZ3q1dg8Gg,eE5ozQiaIs4T0TASXyXDhDuGr9dEhVlNS38SsbdTF_OS,False
98,4590524381,1597931635102,1888,420,11,13,10.16.330.9186,CLASSIC,MATCHED_GAME,Hide on bush,6,200,76,11,4,False,3157,2055,1058,3174,3111,1414,3364,5,5,1,2,1,790,0,204737,164766,33396,6574,0,11596,9381,674,1540,22197,5,20965,20638,593,32,3,30348,5601,21705,3042,11591,10600,0,0,43,177,121,8,123,15,9,0,14,4,False,False,False,False,,,8128,531,9,0,8143,218,0,0,8136,9,18,0,8135,2425,3,0,8232,4,10,0,8275,19,0,0,8100,8200,5005,5008,5002,2.1,1.1,,1.1,609.7,411.2,,366.2,427.1,330.1,,331.1,974.9000000000001,630.4,,1220.8,eE5ozQiaIs4T0TASXyXDhDuGr9dEhVlNS38SsbdTF_OS,04E81p_9PA-iPR8e4m1ZsU0Jo8ZsjDNJXJf-KZ3q1dg8Gg,eE5ozQiaIs4T0TASXyXDhDuGr9dEhVlNS38SsbdTF_OS,False
99,4588868621,1597861697743,1771,420,11,13,10.16.330.9186,CLASSIC,MATCHED_GAME,Hide on bush,5,100,517,12,4,False,3030,3157,1058,3165,3020,1056,3364,9,5,8,4,2,694,0,144088,129208,6552,8327,0,30051,27720,1219,1111,18116,4,28926,0,0,41,30,37888,9536,23250,5102,12726,12200,0,0,200,16,16,0,456,16,5,0,12,8,False,False,False,False,False,False,8021,4858,0,0,8009,4221,500,0,9105,16,10,0,8299,1153,0,0,8345,3,0,0,8347,0,0,0,8000,8300,5008,5008,5003,7.9,6.800000000000001,,,696.6,465.9,,,600.3,270.9,,,1093.1,512.0,,,eE5ozQiaIs4T0TASXyXDhDuGr9dEhVlNS38SsbdTF_OS,04E81p_9PA-iPR8e4m1ZsU0Jo8ZsjDNJXJf-KZ3q1dg8Gg,eE5ozQiaIs4T0TASXyXDhDuGr9dEhVlNS38SsbdTF_OS,False
